protein,annotation
FBgn0000024,TP
FBgn0000036,TP
FBgn0000038,TP
FBgn0000039,TP
FBgn0000044,TP
FBgn0000071,TP
FBgn0000078,TP
FBgn0000079,TP
FBgn0000092,TP
FBgn0000094,TP
FBgn0000108,TP
FBgn0000116,TP
FBgn0000117,TP
FBgn0000119,TP
FBgn0000150,TP
FBgn0000206,TP
FBgn0000221,TP
FBgn0000273,TP
FBgn0000276,TP
FBgn0000277,TP
FBgn0000278,TP
FBgn0000279,TP
FBgn0000299,TP
FBgn0000319,TP
FBgn0000352,TP
FBgn0000355,TP
FBgn0000356,TP
FBgn0000357,TP
FBgn0000358,TP
FBgn0000359,TP
FBgn0000360,TP
FBgn0000384,TP
FBgn0000394,TP
FBgn0000395,TP
FBgn0000416,TP
FBgn0000427,TP
FBgn0000451,TP
FBgn0000463,TP
FBgn0000464,TP
FBgn0000490,TP
FBgn0000497,TP
FBgn0000499,TP
FBgn0000500,TP
FBgn0000533,TP
FBgn0000535,TP
FBgn0000547,TP
FBgn0000551,TP
FBgn0000552,TP
FBgn0000564,TP
FBgn0000579,TP
FBgn0000592,TP
FBgn0000594,TP
FBgn0000633,TP
FBgn0000635,TP
FBgn0000636,TP
FBgn0000639,TP
FBgn0000658,TP
FBgn0000709,TP
FBgn0000715,TP
FBgn0000719,TP
FBgn0000721,TP
FBgn0000723,TP
FBgn0000808,TP
FBgn0001075,TP
FBgn0001083,TP
FBgn0001085,TP
FBgn0001104,TP
FBgn0001105,TP
FBgn0001114,TP
FBgn0001122,TP
FBgn0001123,TP
FBgn0001134,TP
FBgn0001137,TP
FBgn0001189,TP
FBgn0001233,TP
FBgn0001247,TP
FBgn0001250,TP
FBgn0001253,TP
FBgn0001255,TP
FBgn0001256,TP
FBgn0001257,TP
FBgn0001259,TP
FBgn0001285,TP
FBgn0001321,TP
FBgn0001404,TP
FBgn0001624,TP
FBgn0001941,TP
FBgn0001967,TP
FBgn0001987,TP
FBgn0002121,TP
FBgn0002306,TP
FBgn0002440,TP
FBgn0002524,TP
FBgn0002526,TP
FBgn0002531,TP
FBgn0002533,TP
FBgn0002534,TP
FBgn0002535,TP
FBgn0002543,TP
FBgn0002562,TP
FBgn0002563,TP
FBgn0002564,TP
FBgn0002565,TP
FBgn0002569,TP
FBgn0002570,TP
FBgn0002571,TP
FBgn0002577,TP
FBgn0002578,TP
FBgn0002855,TP
FBgn0002856,TP
FBgn0002921,TP
FBgn0002926,TP
FBgn0002930,TP
FBgn0002932,TP
FBgn0002939,TP
FBgn0003011,TP
FBgn0003034,TP
FBgn0003046,TP
FBgn0003060,TP
FBgn0003079,TP
FBgn0003090,TP
FBgn0003091,TP
FBgn0003093,TP
FBgn0003137,TP
FBgn0003169,TP
FBgn0003174,TP
FBgn0003205,TP
FBgn0003209,TP
FBgn0003218,TP
FBgn0003255,TP
FBgn0003285,TP
FBgn0003310,TP
FBgn0003317,TP
FBgn0003319,TP
FBgn0003326,TP
FBgn0003328,TP
FBgn0003356,TP
FBgn0003357,TP
FBgn0003358,TP
FBgn0003366,TP
FBgn0003375,TP
FBgn0003386,TP
FBgn0003390,TP
FBgn0003391,TP
FBgn0003392,TP
FBgn0003429,TP
FBgn0003444,TP
FBgn0003450,TP
FBgn0003463,TP
FBgn0003495,TP
FBgn0003502,TP
FBgn0003510,TP
FBgn0003514,TP
FBgn0003656,TP
FBgn0003660,TP
FBgn0003710,TP
FBgn0003716,TP
FBgn0003719,TP
FBgn0003731,TP
FBgn0003733,TP
FBgn0003748,TP
FBgn0003751,TP
FBgn0003861,TP
FBgn0003863,TP
FBgn0003865,TP
FBgn0003867,TP
FBgn0003882,TP
FBgn0003979,TP
FBgn0003980,TP
FBgn0003983,TP
FBgn0003984,TP
FBgn0003997,TP
FBgn0004009,TP
FBgn0004034,TP
FBgn0004045,TP
FBgn0004047,TP
FBgn0004055,TP
FBgn0004108,TP
FBgn0004118,TP
FBgn0004167,TP
FBgn0004179,TP
FBgn0004197,TP
FBgn0004240,TP
FBgn0004244,TP
FBgn0004359,TP
FBgn0004360,TP
FBgn0004364,TP
FBgn0004368,TP
FBgn0004369,TP
FBgn0004370,TP
FBgn0004390,TP
FBgn0004425,TP
FBgn0004427,TP
FBgn0004428,TP
FBgn0004429,TP
FBgn0004430,TP
FBgn0004431,TP
FBgn0004435,TP
FBgn0004449,TP
FBgn0004456,TP
FBgn0004509,TP
FBgn0004511,TP
FBgn0004512,TP
FBgn0004514,TP
FBgn0004552,TP
FBgn0004569,TP
FBgn0004577,TP
FBgn0004588,TP
FBgn0004589,TP
FBgn0004590,TP
FBgn0004591,TP
FBgn0004593,TP
FBgn0004594,TP
FBgn0004595,TP
FBgn0004598,TP
FBgn0004619,TP
FBgn0004620,TP
FBgn0004622,TP
FBgn0004629,TP
FBgn0004636,TP
FBgn0004638,TP
FBgn0004644,TP
FBgn0004646,TP
FBgn0004647,TP
FBgn0004648,TP
FBgn0004649,TP
FBgn0004652,TP
FBgn0004657,TP
FBgn0004777,TP
FBgn0004778,TP
FBgn0004779,TP
FBgn0004780,TP
FBgn0004781,TP
FBgn0004782,TP
FBgn0004783,TP
FBgn0004797,TP
FBgn0004839,TP
FBgn0004841,TP
FBgn0004842,TP
FBgn0004885,TP
FBgn0004907,TP
FBgn0004910,TP
FBgn0004956,TP
FBgn0004957,TP
FBgn0005390,TP
FBgn0005391,TP
FBgn0005564,TP
FBgn0005585,TP
FBgn0005590,TP
FBgn0005592,TP
FBgn0005614,TP
FBgn0005631,TP
FBgn0005640,TP
FBgn0005664,TP
FBgn0005666,TP
FBgn0005671,TP
FBgn0005672,TP
FBgn0005775,TP
FBgn0010052,TP
FBgn0010105,TP
FBgn0010114,TP
FBgn0010194,TP
FBgn0010197,TP
FBgn0010215,TP
FBgn0010225,TP
FBgn0010238,TP
FBgn0010240,TP
FBgn0010241,TP
FBgn0010329,TP
FBgn0010333,TP
FBgn0010341,TP
FBgn0010357,TP
FBgn0010358,TP
FBgn0010359,TP
FBgn0010380,TP
FBgn0010385,TP
FBgn0010389,TP
FBgn0010395,TP
FBgn0010399,TP
FBgn0010403,TP
FBgn0010406,TP
FBgn0010407,TP
FBgn0010414,TP
FBgn0010415,TP
FBgn0010425,TP
FBgn0010434,TP
FBgn0010435,TP
FBgn0010441,TP
FBgn0010452,TP
FBgn0010453,TP
FBgn0010473,TP
FBgn0010497,TP
FBgn0010651,TP
FBgn0010894,TP
FBgn0011204,TP
FBgn0011205,TP
FBgn0011259,TP
FBgn0011260,TP
FBgn0011279,TP
FBgn0011280,TP
FBgn0011281,TP
FBgn0011282,TP
FBgn0011283,TP
FBgn0011293,TP
FBgn0011294,TP
FBgn0011300,TP
FBgn0011554,TP
FBgn0011555,TP
FBgn0011556,TP
FBgn0011581,TP
FBgn0011592,TP
FBgn0011603,TP
FBgn0011653,TP
FBgn0011661,TP
FBgn0011672,TP
FBgn0011695,TP
FBgn0011705,TP
FBgn0011722,TP
FBgn0011746,TP
FBgn0011747,TP
FBgn0011818,TP
FBgn0011822,TP
FBgn0011828,TP
FBgn0011829,TP
FBgn0011832,TP
FBgn0011834,TP
FBgn0012037,TP
FBgn0012042,TP
FBgn0012344,TP
FBgn0013272,TP
FBgn0013323,TP
FBgn0013342,TP
FBgn0013343,TP
FBgn0013433,TP
FBgn0013726,TP
FBgn0013750,TP
FBgn0013763,TP
FBgn0013767,TP
FBgn0013770,TP
FBgn0013949,TP
FBgn0013954,TP
FBgn0013984,TP
FBgn0013997,TP
FBgn0014007,TP
FBgn0014009,TP
FBgn0014010,TP
FBgn0014020,TP
FBgn0014033,TP
FBgn0014076,TP
FBgn0014135,TP
FBgn0014141,TP
FBgn0014163,TP
FBgn0014388,TP
FBgn0014454,TP
FBgn0014848,TP
FBgn0014849,TP
FBgn0014850,TP
FBgn0014851,TP
FBgn0014865,TP
FBgn0014906,TP
FBgn0015001,TP
FBgn0015010,TP
FBgn0015221,TP
FBgn0015222,TP
FBgn0015229,TP
FBgn0015268,TP
FBgn0015286,TP
FBgn0015316,TP
FBgn0015350,TP
FBgn0015360,TP
FBgn0015380,TP
FBgn0015399,TP
FBgn0015400,TP
FBgn0015519,TP
FBgn0015541,TP
FBgn0015558,TP
FBgn0015583,TP
FBgn0015584,TP
FBgn0015586,TP
FBgn0015591,TP
FBgn0015609,TP
FBgn0015622,TP
FBgn0015737,TP
FBgn0015770,TP
FBgn0015773,TP
FBgn0015774,TP
FBgn0015776,TP
FBgn0015777,TP
FBgn0015790,TP
FBgn0015795,TP
FBgn0015838,TP
FBgn0015924,TP
FBgn0015946,TP
FBgn0016032,TP
FBgn0016047,TP
FBgn0016059,TP
FBgn0016061,TP
FBgn0016075,TP
FBgn0016078,TP
FBgn0016122,TP
FBgn0016123,TP
FBgn0016650,TP
FBgn0016675,TP
FBgn0016701,TP
FBgn0016794,TP
FBgn0016797,TP
FBgn0016984,TP
FBgn0017561,TP
FBgn0017590,TP
FBgn0019928,TP
FBgn0019929,TP
FBgn0019948,TP
FBgn0019972,TP
FBgn0019985,TP
FBgn0020238,TP
FBgn0020258,TP
FBgn0020269,TP
FBgn0020277,TP
FBgn0020278,TP
FBgn0020300,TP
FBgn0020372,TP
FBgn0020376,TP
FBgn0020377,TP
FBgn0020386,TP
FBgn0020391,TP
FBgn0020414,TP
FBgn0020415,TP
FBgn0020416,TP
FBgn0020429,TP
FBgn0020506,TP
FBgn0020508,TP
FBgn0020509,TP
FBgn0020521,TP
FBgn0020637,TP
FBgn0020638,TP
FBgn0020639,TP
FBgn0020640,TP
FBgn0020641,TP
FBgn0020642,TP
FBgn0020643,TP
FBgn0020644,TP
FBgn0020645,TP
FBgn0020765,TP
FBgn0020880,TP
FBgn0020906,TP
FBgn0021742,TP
FBgn0021764,TP
FBgn0022355,TP
FBgn0022382,TP
FBgn0022700,TP
FBgn0022702,TP
FBgn0022770,TP
FBgn0022800,TP
FBgn0022960,TP
FBgn0022981,TP
FBgn0023000,TP
FBgn0023001,TP
FBgn0023095,TP
FBgn0023143,TP
FBgn0023178,TP
FBgn0023179,TP
FBgn0023180,TP
FBgn0023197,TP
FBgn0023407,TP
FBgn0023479,TP
FBgn0023495,TP
FBgn0023496,TP
FBgn0024177,TP
FBgn0024179,TP
FBgn0024189,TP
FBgn0024194,TP
FBgn0024230,TP
FBgn0024234,TP
FBgn0024236,TP
FBgn0024245,TP
FBgn0024248,TP
FBgn0024293,TP
FBgn0024294,TP
FBgn0024319,TP
FBgn0024361,TP
FBgn0024734,TP
FBgn0024740,TP
FBgn0024806,TP
FBgn0024814,TP
FBgn0024836,TP
FBgn0024897,TP
FBgn0024913,TP
FBgn0024963,TP
FBgn0024980,TP
FBgn0025378,TP
FBgn0025383,TP
FBgn0025390,TP
FBgn0025391,TP
FBgn0025578,TP
FBgn0025583,TP
FBgn0025631,TP
FBgn0025632,TP
FBgn0025642,TP
FBgn0025686,TP
FBgn0025697,TP
FBgn0025726,TP
FBgn0025740,TP
FBgn0025741,TP
FBgn0025820,TP
FBgn0025827,TP
FBgn0025837,TP
FBgn0025864,TP
FBgn0025865,TP
FBgn0025878,TP
FBgn0025879,TP
FBgn0025936,TP
FBgn0026061,TP
FBgn0026077,TP
FBgn0026189,TP
FBgn0026192,TP
FBgn0026199,TP
FBgn0026255,TP
FBgn0026403,TP
FBgn0026404,TP
FBgn0026415,TP
FBgn0026438,TP
FBgn0026439,TP
FBgn0026562,TP
FBgn0026597,TP
FBgn0026630,TP
FBgn0026721,TP
FBgn0026760,TP
FBgn0027095,TP
FBgn0027109,TP
FBgn0027111,TP
FBgn0027280,TP
FBgn0027342,TP
FBgn0027343,TP
FBgn0027356,TP
FBgn0027498,TP
FBgn0027527,TP
FBgn0027528,TP
FBgn0027535,TP
FBgn0027550,TP
FBgn0027556,TP
FBgn0027562,TP
FBgn0027563,TP
FBgn0027570,TP
FBgn0027575,TP
FBgn0027578,TP
FBgn0027579,TP
FBgn0027584,TP
FBgn0027586,TP
FBgn0027594,TP
FBgn0027600,TP
FBgn0027657,TP
FBgn0027843,TP
FBgn0027865,TP
FBgn0027929,TP
FBgn0027930,TP
FBgn0027932,TP
FBgn0028331,TP
FBgn0028369,TP
FBgn0028370,TP
FBgn0028374,TP
FBgn0028396,TP
FBgn0028418,TP
FBgn0028422,TP
FBgn0028475,TP
FBgn0028482,TP
FBgn0028487,TP
FBgn0028490,TP
FBgn0028514,TP
FBgn0028517,TP
FBgn0028518,TP
FBgn0028520,TP
FBgn0028523,TP
FBgn0028532,TP
FBgn0028533,TP
FBgn0028534,TP
FBgn0028539,TP
FBgn0028541,TP
FBgn0028542,TP
FBgn0028543,TP
FBgn0028546,TP
FBgn0028573,TP
FBgn0028622,TP
FBgn0028644,TP
FBgn0028645,TP
FBgn0028671,TP
FBgn0028738,TP
FBgn0028746,TP
FBgn0028853,TP
FBgn0028862,TP
FBgn0028863,TP
FBgn0028864,TP
FBgn0028866,TP
FBgn0028870,TP
FBgn0028871,TP
FBgn0028872,TP
FBgn0028875,TP
FBgn0028879,TP
FBgn0028888,TP
FBgn0028920,TP
FBgn0028935,TP
FBgn0028936,TP
FBgn0028939,TP
FBgn0028944,TP
FBgn0028945,TP
FBgn0028947,TP
FBgn0028948,TP
FBgn0028949,TP
FBgn0028950,TP
FBgn0028956,TP
FBgn0028984,TP
FBgn0028986,TP
FBgn0028987,TP
FBgn0028988,TP
FBgn0028990,TP
FBgn0029002,TP
FBgn0029079,TP
FBgn0029082,TP
FBgn0029093,TP
FBgn0029114,TP
FBgn0029128,TP
FBgn0029147,TP
FBgn0029167,TP
FBgn0029170,TP
FBgn0029175,TP
FBgn0029506,TP
FBgn0029507,TP
FBgn0029508,TP
FBgn0029679,TP
FBgn0029681,TP
FBgn0029687,TP
FBgn0029690,TP
FBgn0029708,TP
FBgn0029720,TP
FBgn0029723,TP
FBgn0029733,TP
FBgn0029765,TP
FBgn0029768,TP
FBgn0029769,TP
FBgn0029791,TP
FBgn0029795,TP
FBgn0029804,TP
FBgn0029807,TP
FBgn0029811,TP
FBgn0029814,TP
FBgn0029826,TP
FBgn0029827,TP
FBgn0029828,TP
FBgn0029837,TP
FBgn0029843,TP
FBgn0029848,TP
FBgn0029909,TP
FBgn0029913,TP
FBgn0029925,TP
FBgn0029948,TP
FBgn0029961,TP
FBgn0029962,TP
FBgn0029965,TP
FBgn0029966,TP
FBgn0029968,TP
FBgn0029974,TP
FBgn0029990,TP
FBgn0030001,TP
FBgn0030011,TP
FBgn0030013,TP
FBgn0030027,TP
FBgn0030040,TP
FBgn0030050,TP
FBgn0030051,TP
FBgn0030074,TP
FBgn0030090,TP
FBgn0030097,TP
FBgn0030098,TP
FBgn0030103,TP
FBgn0030105,TP
FBgn0030148,TP
FBgn0030158,TP
FBgn0030162,TP
FBgn0030163,TP
FBgn0030164,TP
FBgn0030174,TP
FBgn0030186,TP
FBgn0030187,TP
FBgn0030222,TP
FBgn0030223,TP
FBgn0030245,TP
FBgn0030251,TP
FBgn0030258,TP
FBgn0030261,TP
FBgn0030262,TP
FBgn0030270,TP
FBgn0030271,TP
FBgn0030272,TP
FBgn0030300,TP
FBgn0030310,TP
FBgn0030326,TP
FBgn0030334,TP
FBgn0030340,TP
FBgn0030343,TP
FBgn0030357,TP
FBgn0030361,TP
FBgn0030362,TP
FBgn0030385,TP
FBgn0030390,TP
FBgn0030394,TP
FBgn0030398,TP
FBgn0030425,TP
FBgn0030437,TP
FBgn0030438,TP
FBgn0030439,TP
FBgn0030466,TP
FBgn0030492,TP
FBgn0030493,TP
FBgn0030494,TP
FBgn0030495,TP
FBgn0030521,TP
FBgn0030539,TP
FBgn0030541,TP
FBgn0030545,TP
FBgn0030551,TP
FBgn0030559,TP
FBgn0030562,TP
FBgn0030569,TP
FBgn0030600,TP
FBgn0030603,TP
FBgn0030617,TP
FBgn0030638,TP
FBgn0030654,TP
FBgn0030661,TP
FBgn0030662,TP
FBgn0030688,TP
FBgn0030695,TP
FBgn0030703,TP
FBgn0030706,TP
FBgn0030707,TP
FBgn0030723,TP
FBgn0030740,TP
FBgn0030756,TP
FBgn0030766,TP
FBgn0030773,TP
FBgn0030774,TP
FBgn0030775,TP
FBgn0030776,TP
FBgn0030777,TP
FBgn0030778,TP
FBgn0030795,TP
FBgn0030796,TP
FBgn0030804,TP
FBgn0030805,TP
FBgn0030815,TP
FBgn0030828,TP
FBgn0030841,TP
FBgn0030844,TP
FBgn0030859,TP
FBgn0030880,TP
FBgn0030881,TP
FBgn0030884,TP
FBgn0030887,TP
FBgn0030890,TP
FBgn0030904,TP
FBgn0030925,TP
FBgn0030926,TP
FBgn0030927,TP
FBgn0030928,TP
FBgn0030929,TP
FBgn0030932,TP
FBgn0030941,TP
FBgn0030947,TP
FBgn0030954,TP
FBgn0030964,TP
FBgn0030980,TP
FBgn0030984,TP
FBgn0030985,TP
FBgn0030999,TP
FBgn0031000,TP
FBgn0031005,TP
FBgn0031016,TP
FBgn0031030,TP
FBgn0031032,TP
FBgn0031033,TP
FBgn0031034,TP
FBgn0031055,TP
FBgn0031058,TP
FBgn0031081,TP
FBgn0031089,TP
FBgn0031090,TP
FBgn0031097,TP
FBgn0031100,TP
FBgn0031106,TP
FBgn0031109,TP
FBgn0031110,TP
FBgn0031111,TP
FBgn0031141,TP
FBgn0031181,TP
FBgn0031209,TP
FBgn0031213,TP
FBgn0031214,TP
FBgn0031217,TP
FBgn0031219,TP
FBgn0031248,TP
FBgn0031249,TP
FBgn0031261,TP
FBgn0031268,TP
FBgn0031273,TP
FBgn0031275,TP
FBgn0031289,TP
FBgn0031294,TP
FBgn0031307,TP
FBgn0031313,TP
FBgn0031327,TP
FBgn0031373,TP
FBgn0031381,TP
FBgn0031389,TP
FBgn0031406,TP
FBgn0031409,TP
FBgn0031414,TP
FBgn0031426,TP
FBgn0031461,TP
FBgn0031462,TP
FBgn0031465,TP
FBgn0031466,TP
FBgn0031467,TP
FBgn0031468,TP
FBgn0031469,TP
FBgn0031470,TP
FBgn0031471,TP
FBgn0031472,TP
FBgn0031473,TP
FBgn0031474,TP
FBgn0031485,TP
FBgn0031490,TP
FBgn0031518,TP
FBgn0031533,TP
FBgn0031538,TP
FBgn0031547,TP
FBgn0031548,TP
FBgn0031554,TP
FBgn0031558,TP
FBgn0031559,TP
FBgn0031560,TP
FBgn0031561,TP
FBgn0031562,TP
FBgn0031563,TP
FBgn0031564,TP
FBgn0031571,TP
FBgn0031575,TP
FBgn0031619,TP
FBgn0031627,TP
FBgn0031629,TP
FBgn0031634,TP
FBgn0031645,TP
FBgn0031653,TP
FBgn0031654,TP
FBgn0031678,TP
FBgn0031697,TP
FBgn0031701,TP
FBgn0031702,TP
FBgn0031707,TP
FBgn0031725,TP
FBgn0031735,TP
FBgn0031737,TP
FBgn0031741,TP
FBgn0031747,TP
FBgn0031756,TP
FBgn0031760,TP
FBgn0031765,TP
FBgn0031770,TP
FBgn0031802,TP
FBgn0031803,TP
FBgn0031804,TP
FBgn0031805,TP
FBgn0031808,TP
FBgn0031815,TP
FBgn0031826,TP
FBgn0031835,TP
FBgn0031837,TP
FBgn0031850,TP
FBgn0031866,TP
FBgn0031872,TP
FBgn0031879,TP
FBgn0031888,TP
FBgn0031902,TP
FBgn0031903,TP
FBgn0031910,TP
FBgn0031918,TP
FBgn0031926,TP
FBgn0031929,TP
FBgn0031930,TP
FBgn0031940,TP
FBgn0031942,TP
FBgn0031957,TP
FBgn0031959,TP
FBgn0031969,TP
FBgn0031970,TP
FBgn0031973,TP
FBgn0031976,TP
FBgn0031981,TP
FBgn0031986,TP
FBgn0031988,TP
FBgn0031996,TP
FBgn0032006,TP
FBgn0032008,TP
FBgn0032013,TP
FBgn0032021,TP
FBgn0032022,TP
FBgn0032023,TP
FBgn0032026,TP
FBgn0032049,TP
FBgn0032057,TP
FBgn0032058,TP
FBgn0032074,TP
FBgn0032075,TP
FBgn0032078,TP
FBgn0032080,TP
FBgn0032082,TP
FBgn0032084,TP
FBgn0032085,TP
FBgn0032086,TP
FBgn0032087,TP
FBgn0032088,TP
FBgn0032095,TP
FBgn0032116,TP
FBgn0032125,TP
FBgn0032127,TP
FBgn0032131,TP
FBgn0032132,TP
FBgn0032136,TP
FBgn0032143,TP
FBgn0032144,TP
FBgn0032151,TP
FBgn0032163,TP
FBgn0032172,TP
FBgn0032187,TP
FBgn0032213,TP
FBgn0032228,TP
FBgn0032233,TP
FBgn0032235,TP
FBgn0032252,TP
FBgn0032264,TP
FBgn0032265,TP
FBgn0032266,TP
FBgn0032271,TP
FBgn0032289,TP
FBgn0032298,TP
FBgn0032303,TP
FBgn0032304,TP
FBgn0032331,TP
FBgn0032336,TP
FBgn0032338,TP
FBgn0032359,TP
FBgn0032362,TP
FBgn0032363,TP
FBgn0032376,TP
FBgn0032381,TP
FBgn0032382,TP
FBgn0032402,TP
FBgn0032414,TP
FBgn0032420,TP
FBgn0032421,TP
FBgn0032422,TP
FBgn0032442,TP
FBgn0032456,TP
FBgn0032462,TP
FBgn0032479,TP
FBgn0032480,TP
FBgn0032484,TP
FBgn0032494,TP
FBgn0032495,TP
FBgn0032507,TP
FBgn0032535,TP
FBgn0032536,TP
FBgn0032549,TP
FBgn0032551,TP
FBgn0032553,TP
FBgn0032582,TP
FBgn0032585,TP
FBgn0032598,TP
FBgn0032601,TP
FBgn0032602,TP
FBgn0032612,TP
FBgn0032613,TP
FBgn0032618,TP
FBgn0032629,TP
FBgn0032633,TP
FBgn0032638,TP
FBgn0032639,TP
FBgn0032643,TP
FBgn0032663,TP
FBgn0032664,TP
FBgn0032666,TP
FBgn0032683,TP
FBgn0032685,TP
FBgn0032731,TP
FBgn0032733,TP
FBgn0032734,TP
FBgn0032749,TP
FBgn0032752,TP
FBgn0032753,TP
FBgn0032770,TP
FBgn0032779,TP
FBgn0032797,TP
FBgn0032812,TP
FBgn0032827,TP
FBgn0032840,TP
FBgn0032843,TP
FBgn0032853,TP
FBgn0032880,TP
FBgn0032888,TP
FBgn0032895,TP
FBgn0032897,TP
FBgn0032899,TP
FBgn0032900,TP
FBgn0032943,TP
FBgn0032946,TP
FBgn0032964,TP
FBgn0032967,TP
FBgn0032973,TP
FBgn0032981,TP
FBgn0033028,TP
FBgn0033033,TP
FBgn0033042,TP
FBgn0033058,TP
FBgn0033067,TP
FBgn0033108,TP
FBgn0033115,TP
FBgn0033124,TP
FBgn0033127,TP
FBgn0033128,TP
FBgn0033129,TP
FBgn0033130,TP
FBgn0033132,TP
FBgn0033133,TP
FBgn0033134,TP
FBgn0033135,TP
FBgn0033136,TP
FBgn0033137,TP
FBgn0033138,TP
FBgn0033139,TP
FBgn0033158,TP
FBgn0033159,TP
FBgn0033170,TP
FBgn0033192,TP
FBgn0033199,TP
FBgn0033212,TP
FBgn0033232,TP
FBgn0033241,TP
FBgn0033250,TP
FBgn0033259,TP
FBgn0033268,TP
FBgn0033271,TP
FBgn0033277,TP
FBgn0033283,TP
FBgn0033286,TP
FBgn0033287,TP
FBgn0033294,TP
FBgn0033296,TP
FBgn0033297,TP
FBgn0033301,TP
FBgn0033312,TP
FBgn0033313,TP
FBgn0033315,TP
FBgn0033320,TP
FBgn0033321,TP
FBgn0033327,TP
FBgn0033337,TP
FBgn0033355,TP
FBgn0033359,TP
FBgn0033362,TP
FBgn0033363,TP
FBgn0033365,TP
FBgn0033366,TP
FBgn0033369,TP
FBgn0033382,TP
FBgn0033423,TP
FBgn0033438,TP
FBgn0033439,TP
FBgn0033469,TP
FBgn0033474,TP
FBgn0033476,TP
FBgn0033481,TP
FBgn0033483,TP
FBgn0033490,TP
FBgn0033500,TP
FBgn0033508,TP
FBgn0033515,TP
FBgn0033516,TP
FBgn0033542,TP
FBgn0033558,TP
FBgn0033573,TP
FBgn0033574,TP
FBgn0033579,TP
FBgn0033593,TP
FBgn0033597,TP
FBgn0033598,TP
FBgn0033600,TP
FBgn0033601,TP
FBgn0033602,TP
FBgn0033603,TP
FBgn0033614,TP
FBgn0033629,TP
FBgn0033631,TP
FBgn0033640,TP
FBgn0033644,TP
FBgn0033645,TP
FBgn0033648,TP
FBgn0033649,TP
FBgn0033650,TP
FBgn0033651,TP
FBgn0033652,TP
FBgn0033658,TP
FBgn0033679,TP
FBgn0033710,TP
FBgn0033724,TP
FBgn0033725,TP
FBgn0033726,TP
FBgn0033728,TP
FBgn0033729,TP
FBgn0033730,TP
FBgn0033731,TP
FBgn0033742,TP
FBgn0033744,TP
FBgn0033774,TP
FBgn0033784,TP
FBgn0033788,TP
FBgn0033789,TP
FBgn0033791,TP
FBgn0033792,TP
FBgn0033793,TP
FBgn0033799,TP
FBgn0033826,TP
FBgn0033827,TP
FBgn0033867,TP
FBgn0033869,TP
FBgn0033872,TP
FBgn0033873,TP
FBgn0033874,TP
FBgn0033875,TP
FBgn0033880,TP
FBgn0033931,TP
FBgn0033932,TP
FBgn0033933,TP
FBgn0033942,TP
FBgn0033943,TP
FBgn0033952,TP
FBgn0033953,TP
FBgn0033954,TP
FBgn0033966,TP
FBgn0033984,TP
FBgn0033988,TP
FBgn0033996,TP
FBgn0033999,TP
FBgn0034005,TP
FBgn0034013,TP
FBgn0034021,TP
FBgn0034023,TP
FBgn0034030,TP
FBgn0034052,TP
FBgn0034067,TP
FBgn0034069,TP
FBgn0034070,TP
FBgn0034072,TP
FBgn0034076,TP
FBgn0034081,TP
FBgn0034083,TP
FBgn0034085,TP
FBgn0034092,TP
FBgn0034094,TP
FBgn0034126,TP
FBgn0034128,TP
FBgn0034131,TP
FBgn0034139,TP
FBgn0034152,TP
FBgn0034153,TP
FBgn0034154,TP
FBgn0034157,TP
FBgn0034159,TP
FBgn0034160,TP
FBgn0034162,TP
FBgn0034165,TP
FBgn0034166,TP
FBgn0034180,TP
FBgn0034195,TP
FBgn0034197,TP
FBgn0034201,TP
FBgn0034204,TP
FBgn0034219,TP
FBgn0034221,TP
FBgn0034225,TP
FBgn0034229,TP
FBgn0034253,TP
FBgn0034262,TP
FBgn0034272,TP
FBgn0034283,TP
FBgn0034284,TP
FBgn0034286,TP
FBgn0034288,TP
FBgn0034291,TP
FBgn0034292,TP
FBgn0034293,TP
FBgn0034294,TP
FBgn0034295,TP
FBgn0034296,TP
FBgn0034301,TP
FBgn0034317,TP
FBgn0034318,TP
FBgn0034321,TP
FBgn0034322,TP
FBgn0034323,TP
FBgn0034324,TP
FBgn0034325,TP
FBgn0034326,TP
FBgn0034328,TP
FBgn0034329,TP
FBgn0034330,TP
FBgn0034331,TP
FBgn0034365,TP
FBgn0034407,TP
FBgn0034456,TP
FBgn0034457,TP
FBgn0034458,TP
FBgn0034468,TP
FBgn0034470,TP
FBgn0034471,TP
FBgn0034474,TP
FBgn0034475,TP
FBgn0034476,TP
FBgn0034485,TP
FBgn0034486,TP
FBgn0034489,TP
FBgn0034498,TP
FBgn0034499,TP
FBgn0034507,TP
FBgn0034509,TP
FBgn0034511,TP
FBgn0034517,TP
FBgn0034518,TP
FBgn0034538,TP
FBgn0034539,TP
FBgn0034540,TP
FBgn0034560,TP
FBgn0034568,TP
FBgn0034580,TP
FBgn0034582,TP
FBgn0034588,TP
FBgn0034602,TP
FBgn0034623,TP
FBgn0034624,TP
FBgn0034638,TP
FBgn0034655,TP
FBgn0034660,TP
FBgn0034661,TP
FBgn0034662,TP
FBgn0034663,TP
FBgn0034664,TP
FBgn0034666,TP
FBgn0034709,TP
FBgn0034710,TP
FBgn0034711,TP
FBgn0034712,TP
FBgn0034717,TP
FBgn0034718,TP
FBgn0034723,TP
FBgn0034724,TP
FBgn0034725,TP
FBgn0034730,TP
FBgn0034753,TP
FBgn0034761,TP
FBgn0034766,TP
FBgn0034768,TP
FBgn0034769,TP
FBgn0034776,TP
FBgn0034788,TP
FBgn0034796,TP
FBgn0034797,TP
FBgn0034803,TP
FBgn0034807,TP
FBgn0034808,TP
FBgn0034856,TP
FBgn0034871,TP
FBgn0034880,TP
FBgn0034903,TP
FBgn0034906,TP
FBgn0034920,TP
FBgn0034928,TP
FBgn0034965,TP
FBgn0034972,TP
FBgn0034974,TP
FBgn0034990,TP
FBgn0034994,TP
FBgn0034996,TP
FBgn0034997,TP
FBgn0035003,TP
FBgn0035008,TP
FBgn0035010,TP
FBgn0035011,TP
FBgn0035012,TP
FBgn0035019,TP
FBgn0035023,TP
FBgn0035031,TP
FBgn0035042,TP
FBgn0035043,TP
FBgn0035049,TP
FBgn0035056,TP
FBgn0035068,TP
FBgn0035070,TP
FBgn0035076,TP
FBgn0035084,TP
FBgn0035089,TP
FBgn0035090,TP
FBgn0035091,TP
FBgn0035092,TP
FBgn0035094,TP
FBgn0035131,TP
FBgn0035132,TP
FBgn0035154,TP
FBgn0035170,TP
FBgn0035176,TP
FBgn0035199,TP
FBgn0035216,TP
FBgn0035236,TP
FBgn0035279,TP
FBgn0035280,TP
FBgn0035281,TP
FBgn0035287,TP
FBgn0035290,TP
FBgn0035325,TP
FBgn0035328,TP
FBgn0035331,TP
FBgn0035343,TP
FBgn0035372,TP
FBgn0035379,TP
FBgn0035385,TP
FBgn0035398,TP
FBgn0035409,TP
FBgn0035410,TP
FBgn0035412,TP
FBgn0035413,TP
FBgn0035421,TP
FBgn0035427,TP
FBgn0035430,TP
FBgn0035432,TP
FBgn0035434,TP
FBgn0035452,TP
FBgn0035453,TP
FBgn0035458,TP
FBgn0035490,TP
FBgn0035496,TP
FBgn0035497,TP
FBgn0035501,TP
FBgn0035504,TP
FBgn0035505,TP
FBgn0035508,TP
FBgn0035510,TP
FBgn0035511,TP
FBgn0035512,TP
FBgn0035513,TP
FBgn0035522,TP
FBgn0035533,TP
FBgn0035538,TP
FBgn0035539,TP
FBgn0035540,TP
FBgn0035543,TP
FBgn0035551,TP
FBgn0035552,TP
FBgn0035554,TP
FBgn0035557,TP
FBgn0035558,TP
FBgn0035575,TP
FBgn0035577,TP
FBgn0035582,TP
FBgn0035594,TP
FBgn0035604,TP
FBgn0035607,TP
FBgn0035610,TP
FBgn0035612,TP
FBgn0035619,TP
FBgn0035620,TP
FBgn0035623,TP
FBgn0035649,TP
FBgn0035661,TP
FBgn0035663,TP
FBgn0035665,TP
FBgn0035666,TP
FBgn0035667,TP
FBgn0035669,TP
FBgn0035670,TP
FBgn0035678,TP
FBgn0035685,TP
FBgn0035686,TP
FBgn0035695,TP
FBgn0035697,TP
FBgn0035718,TP
FBgn0035734,TP
FBgn0035735,TP
FBgn0035736,TP
FBgn0035737,TP
FBgn0035750,TP
FBgn0035751,TP
FBgn0035768,TP
FBgn0035777,TP
FBgn0035779,TP
FBgn0035780,TP
FBgn0035781,TP
FBgn0035785,TP
FBgn0035786,TP
FBgn0035787,TP
FBgn0035788,TP
FBgn0035789,TP
FBgn0035791,TP
FBgn0035792,TP
FBgn0035795,TP
FBgn0035798,TP
FBgn0035806,TP
FBgn0035812,TP
FBgn0035813,TP
FBgn0035815,TP
FBgn0035833,TP
FBgn0035844,TP
FBgn0035845,TP
FBgn0035847,TP
FBgn0035865,TP
FBgn0035873,TP
FBgn0035875,TP
FBgn0035880,TP
FBgn0035886,TP
FBgn0035887,TP
FBgn0035888,TP
FBgn0035909,TP
FBgn0035928,TP
FBgn0035929,TP
FBgn0035931,TP
FBgn0035932,TP
FBgn0035933,TP
FBgn0035936,TP
FBgn0035941,TP
FBgn0035969,TP
FBgn0035971,TP
FBgn0035975,TP
FBgn0035976,TP
FBgn0035977,TP
FBgn0035983,TP
FBgn0035985,TP
FBgn0036007,TP
FBgn0036008,TP
FBgn0036010,TP
FBgn0036015,TP
FBgn0036022,TP
FBgn0036023,TP
FBgn0036024,TP
FBgn0036040,TP
FBgn0036046,TP
FBgn0036070,TP
FBgn0036072,TP
FBgn0036083,TP
FBgn0036102,TP
FBgn0036108,TP
FBgn0036109,TP
FBgn0036110,TP
FBgn0036141,TP
FBgn0036145,TP
FBgn0036146,TP
FBgn0036150,TP
FBgn0036154,TP
FBgn0036181,TP
FBgn0036186,TP
FBgn0036198,TP
FBgn0036202,TP
FBgn0036203,TP
FBgn0036220,TP
FBgn0036225,TP
FBgn0036226,TP
FBgn0036227,TP
FBgn0036228,TP
FBgn0036229,TP
FBgn0036230,TP
FBgn0036232,TP
FBgn0036235,TP
FBgn0036250,TP
FBgn0036264,TP
FBgn0036279,TP
FBgn0036287,TP
FBgn0036299,TP
FBgn0036316,TP
FBgn0036321,TP
FBgn0036323,TP
FBgn0036341,TP
FBgn0036343,TP
FBgn0036361,TP
FBgn0036362,TP
FBgn0036363,TP
FBgn0036367,TP
FBgn0036368,TP
FBgn0036391,TP
FBgn0036410,TP
FBgn0036416,TP
FBgn0036417,TP
FBgn0036427,TP
FBgn0036436,TP
FBgn0036454,TP
FBgn0036463,TP
FBgn0036481,TP
FBgn0036494,TP
FBgn0036495,TP
FBgn0036501,TP
FBgn0036504,TP
FBgn0036509,TP
FBgn0036545,TP
FBgn0036556,TP
FBgn0036560,TP
FBgn0036563,TP
FBgn0036587,TP
FBgn0036598,TP
FBgn0036599,TP
FBgn0036600,TP
FBgn0036601,TP
FBgn0036602,TP
FBgn0036603,TP
FBgn0036605,TP
FBgn0036606,TP
FBgn0036607,TP
FBgn0036608,TP
FBgn0036612,TP
FBgn0036617,TP
FBgn0036618,TP
FBgn0036619,TP
FBgn0036638,TP
FBgn0036639,TP
FBgn0036643,TP
FBgn0036678,TP
FBgn0036679,TP
FBgn0036680,TP
FBgn0036681,TP
FBgn0036713,TP
FBgn0036715,TP
FBgn0036727,TP
FBgn0036732,TP
FBgn0036738,TP
FBgn0036742,TP
FBgn0036751,TP
FBgn0036752,TP
FBgn0036757,TP
FBgn0036766,TP
FBgn0036767,TP
FBgn0036769,TP
FBgn0036782,TP
FBgn0036783,TP
FBgn0036787,TP
FBgn0036789,TP
FBgn0036790,TP
FBgn0036816,TP
FBgn0036817,TP
FBgn0036829,TP
FBgn0036831,TP
FBgn0036832,TP
FBgn0036833,TP
FBgn0036836,TP
FBgn0036837,TP
FBgn0036858,TP
FBgn0036861,TP
FBgn0036878,TP
FBgn0036879,TP
FBgn0036880,TP
FBgn0036881,TP
FBgn0036891,TP
FBgn0036919,TP
FBgn0036929,TP
FBgn0036934,TP
FBgn0036936,TP
FBgn0036937,TP
FBgn0036939,TP
FBgn0036940,TP
FBgn0036947,TP
FBgn0036948,TP
FBgn0036949,TP
FBgn0036950,TP
FBgn0036951,TP
FBgn0036952,TP
FBgn0036953,TP
FBgn0036969,TP
FBgn0036970,TP
FBgn0036977,TP
FBgn0036978,TP
FBgn0036979,TP
FBgn0036985,TP
FBgn0036986,TP
FBgn0036995,TP
FBgn0036996,TP
FBgn0036999,TP
FBgn0037000,TP
FBgn0037012,TP
FBgn0037013,TP
FBgn0037015,TP
FBgn0037016,TP
FBgn0037028,TP
FBgn0037036,TP
FBgn0037038,TP
FBgn0037039,TP
FBgn0037067,TP
FBgn0037068,TP
FBgn0037069,TP
FBgn0037078,TP
FBgn0037083,TP
FBgn0037084,TP
FBgn0037090,TP
FBgn0037092,TP
FBgn0037099,TP
FBgn0037100,TP
FBgn0037107,TP
FBgn0037114,TP
FBgn0037122,TP
FBgn0037123,TP
FBgn0037124,TP
FBgn0037125,TP
FBgn0037127,TP
FBgn0037128,TP
FBgn0037131,TP
FBgn0037163,TP
FBgn0037164,TP
FBgn0037165,TP
FBgn0037166,TP
FBgn0037167,TP
FBgn0037174,TP
FBgn0037175,TP
FBgn0037176,TP
FBgn0037197,TP
FBgn0037204,TP
FBgn0037222,TP
FBgn0037224,TP
FBgn0037225,TP
FBgn0037227,TP
FBgn0037230,TP
FBgn0037240,TP
FBgn0037260,TP
FBgn0037265,TP
FBgn0037288,TP
FBgn0037290,TP
FBgn0037291,TP
FBgn0037295,TP
FBgn0037315,TP
FBgn0037324,TP
FBgn0037339,TP
FBgn0037341,TP
FBgn0037358,TP
FBgn0037395,TP
FBgn0037396,TP
FBgn0037405,TP
FBgn0037406,TP
FBgn0037409,TP
FBgn0037410,TP
FBgn0037411,TP
FBgn0037412,TP
FBgn0037413,TP
FBgn0037414,TP
FBgn0037415,TP
FBgn0037416,TP
FBgn0037417,TP
FBgn0037418,TP
FBgn0037419,TP
FBgn0037420,TP
FBgn0037422,TP
FBgn0037424,TP
FBgn0037427,TP
FBgn0037428,TP
FBgn0037429,TP
FBgn0037430,TP
FBgn0037431,TP
FBgn0037433,TP
FBgn0037443,TP
FBgn0037487,TP
FBgn0037488,TP
FBgn0037493,TP
FBgn0037501,TP
FBgn0037515,TP
FBgn0037533,TP
FBgn0037552,TP
FBgn0037553,TP
FBgn0037570,TP
FBgn0037571,TP
FBgn0037572,TP
FBgn0037581,TP
FBgn0037589,TP
FBgn0037612,TP
FBgn0037627,TP
FBgn0037630,TP
FBgn0037650,TP
FBgn0037671,TP
FBgn0037676,TP
FBgn0037677,TP
FBgn0037678,TP
FBgn0037702,TP
FBgn0037721,TP
FBgn0037727,TP
FBgn0037736,TP
FBgn0037753,TP
FBgn0037766,TP
FBgn0037772,TP
FBgn0037779,TP
FBgn0037782,TP
FBgn0037783,TP
FBgn0037786,TP
FBgn0037788,TP
FBgn0037796,TP
FBgn0037807,TP
FBgn0037832,TP
FBgn0037848,TP
FBgn0037874,TP
FBgn0037879,TP
FBgn0037888,TP
FBgn0037889,TP
FBgn0037906,TP
FBgn0037908,TP
FBgn0037940,TP
FBgn0037941,TP
FBgn0037950,TP
FBgn0037956,TP
FBgn0037960,TP
FBgn0037963,TP
FBgn0037964,TP
FBgn0037972,TP
FBgn0037976,TP
FBgn0037992,TP
FBgn0037993,TP
FBgn0038001,TP
FBgn0038002,TP
FBgn0038003,TP
FBgn0038009,TP
FBgn0038014,TP
FBgn0038017,TP
FBgn0038042,TP
FBgn0038063,TP
FBgn0038067,TP
FBgn0038068,TP
FBgn0038069,TP
FBgn0038070,TP
FBgn0038072,TP
FBgn0038084,TP
FBgn0038087,TP
FBgn0038092,TP
FBgn0038098,TP
FBgn0038105,TP
FBgn0038113,TP
FBgn0038114,TP
FBgn0038126,TP
FBgn0038134,TP
FBgn0038135,TP
FBgn0038136,TP
FBgn0038139,TP
FBgn0038140,TP
FBgn0038142,TP
FBgn0038144,TP
FBgn0038149,TP
FBgn0038150,TP
FBgn0038151,TP
FBgn0038153,TP
FBgn0038156,TP
FBgn0038160,TP
FBgn0038172,TP
FBgn0038173,TP
FBgn0038180,TP
FBgn0038198,TP
FBgn0038201,TP
FBgn0038206,TP
FBgn0038211,TP
FBgn0038214,TP
FBgn0038217,TP
FBgn0038218,TP
FBgn0038219,TP
FBgn0038237,TP
FBgn0038243,TP
FBgn0038247,TP
FBgn0038250,TP
FBgn0038279,TP
FBgn0038282,TP
FBgn0038285,TP
FBgn0038299,TP
FBgn0038315,TP
FBgn0038318,TP
FBgn0038341,TP
FBgn0038353,TP
FBgn0038365,TP
FBgn0038380,TP
FBgn0038381,TP
FBgn0038394,TP
FBgn0038395,TP
FBgn0038398,TP
FBgn0038400,TP
FBgn0038405,TP
FBgn0038419,TP
FBgn0038422,TP
FBgn0038431,TP
FBgn0038439,TP
FBgn0038447,TP
FBgn0038465,TP
FBgn0038468,TP
FBgn0038469,TP
FBgn0038479,TP
FBgn0038481,TP
FBgn0038482,TP
FBgn0038484,TP
FBgn0038485,TP
FBgn0038487,TP
FBgn0038492,TP
FBgn0038494,TP
FBgn0038498,TP
FBgn0038504,TP
FBgn0038505,TP
FBgn0038506,TP
FBgn0038507,TP
FBgn0038508,TP
FBgn0038511,TP
FBgn0038523,TP
FBgn0038531,TP
FBgn0038540,TP
FBgn0038541,TP
FBgn0038542,TP
FBgn0038595,TP
FBgn0038629,TP
FBgn0038631,TP
FBgn0038632,TP
FBgn0038638,TP
FBgn0038642,TP
FBgn0038643,TP
FBgn0038645,TP
FBgn0038646,TP
FBgn0038653,TP
FBgn0038654,TP
FBgn0038690,TP
FBgn0038691,TP
FBgn0038695,TP
FBgn0038714,TP
FBgn0038725,TP
FBgn0038727,TP
FBgn0038738,TP
FBgn0038755,TP
FBgn0038783,TP
FBgn0038784,TP
FBgn0038789,TP
FBgn0038814,TP
FBgn0038818,TP
FBgn0038819,TP
FBgn0038832,TP
FBgn0038837,TP
FBgn0038838,TP
FBgn0038840,TP
FBgn0038845,TP
FBgn0038847,TP
FBgn0038849,TP
FBgn0038850,TP
FBgn0038859,TP
FBgn0038865,TP
FBgn0038866,TP
FBgn0038873,TP
FBgn0038874,TP
FBgn0038880,TP
FBgn0038888,TP
FBgn0038894,TP
FBgn0038897,TP
FBgn0038901,TP
FBgn0038929,TP
FBgn0038930,TP
FBgn0038952,TP
FBgn0038958,TP
FBgn0038959,TP
FBgn0038965,TP
FBgn0038975,TP
FBgn0038980,TP
FBgn0039007,TP
FBgn0039022,TP
FBgn0039023,TP
FBgn0039024,TP
FBgn0039042,TP
FBgn0039048,TP
FBgn0039054,TP
FBgn0039064,TP
FBgn0039069,TP
FBgn0039073,TP
FBgn0039077,TP
FBgn0039079,TP
FBgn0039080,TP
FBgn0039084,TP
FBgn0039089,TP
FBgn0039091,TP
FBgn0039092,TP
FBgn0039093,TP
FBgn0039098,TP
FBgn0039099,TP
FBgn0039101,TP
FBgn0039102,TP
FBgn0039108,TP
FBgn0039154,TP
FBgn0039155,TP
FBgn0039160,TP
FBgn0039180,TP
FBgn0039192,TP
FBgn0039193,TP
FBgn0039194,TP
FBgn0039195,TP
FBgn0039196,TP
FBgn0039197,TP
FBgn0039198,TP
FBgn0039199,TP
FBgn0039200,TP
FBgn0039203,TP
FBgn0039232,TP
FBgn0039234,TP
FBgn0039257,TP
FBgn0039272,TP
FBgn0039277,TP
FBgn0039294,TP
FBgn0039297,TP
FBgn0039298,TP
FBgn0039299,TP
FBgn0039332,TP
FBgn0039354,TP
FBgn0039376,TP
FBgn0039386,TP
FBgn0039387,TP
FBgn0039396,TP
FBgn0039419,TP
FBgn0039420,TP
FBgn0039424,TP
FBgn0039431,TP
FBgn0039434,TP
FBgn0039435,TP
FBgn0039436,TP
FBgn0039437,TP
FBgn0039438,TP
FBgn0039439,TP
FBgn0039440,TP
FBgn0039441,TP
FBgn0039443,TP
FBgn0039444,TP
FBgn0039448,TP
FBgn0039452,TP
FBgn0039453,TP
FBgn0039454,TP
FBgn0039465,TP
FBgn0039469,TP
FBgn0039470,TP
FBgn0039471,TP
FBgn0039472,TP
FBgn0039473,TP
FBgn0039474,TP
FBgn0039475,TP
FBgn0039476,TP
FBgn0039478,TP
FBgn0039480,TP
FBgn0039481,TP
FBgn0039482,TP
FBgn0039483,TP
FBgn0039485,TP
FBgn0039486,TP
FBgn0039494,TP
FBgn0039495,TP
FBgn0039527,TP
FBgn0039528,TP
FBgn0039564,TP
FBgn0039568,TP
FBgn0039584,TP
FBgn0039591,TP
FBgn0039592,TP
FBgn0039593,TP
FBgn0039595,TP
FBgn0039597,TP
FBgn0039598,TP
FBgn0039599,TP
FBgn0039609,TP
FBgn0039611,TP
FBgn0039612,TP
FBgn0039613,TP
FBgn0039617,TP
FBgn0039621,TP
FBgn0039628,TP
FBgn0039629,TP
FBgn0039630,TP
FBgn0039640,TP
FBgn0039647,TP
FBgn0039648,TP
FBgn0039655,TP
FBgn0039656,TP
FBgn0039666,TP
FBgn0039670,TP
FBgn0039671,TP
FBgn0039675,TP
FBgn0039676,TP
FBgn0039677,TP
FBgn0039678,TP
FBgn0039679,TP
FBgn0039682,TP
FBgn0039684,TP
FBgn0039685,TP
FBgn0039688,TP
FBgn0039703,TP
FBgn0039704,TP
FBgn0039709,TP
FBgn0039718,TP
FBgn0039719,TP
FBgn0039722,TP
FBgn0039728,TP
FBgn0039734,TP
FBgn0039747,TP
FBgn0039758,TP
FBgn0039759,TP
FBgn0039768,TP
FBgn0039769,TP
FBgn0039770,TP
FBgn0039771,TP
FBgn0039774,TP
FBgn0039777,TP
FBgn0039778,TP
FBgn0039795,TP
FBgn0039798,TP
FBgn0039800,TP
FBgn0039801,TP
FBgn0039805,TP
FBgn0039818,TP
FBgn0039821,TP
FBgn0039838,TP
FBgn0039839,TP
FBgn0039840,TP
FBgn0039848,TP
FBgn0039851,TP
FBgn0039852,TP
FBgn0039862,TP
FBgn0039879,TP
FBgn0039896,TP
FBgn0039914,TP
FBgn0039915,TP
FBgn0039916,TP
FBgn0039924,TP
FBgn0039927,TP
FBgn0039928,TP
FBgn0039965,TP
FBgn0040060,TP
FBgn0040069,TP
FBgn0040074,TP
FBgn0040092,TP
FBgn0040093,TP
FBgn0040096,TP
FBgn0040097,TP
FBgn0040098,TP
FBgn0040099,TP
FBgn0040102,TP
FBgn0040104,TP
FBgn0040106,TP
FBgn0040107,TP
FBgn0040271,TP
FBgn0040279,TP
FBgn0040321,TP
FBgn0040322,TP
FBgn0040323,TP
FBgn0040324,TP
FBgn0040334,TP
FBgn0040341,TP
FBgn0040342,TP
FBgn0040364,TP
FBgn0040373,TP
FBgn0040382,TP
FBgn0040388,TP
FBgn0040398,TP
FBgn0040475,TP
FBgn0040502,TP
FBgn0040503,TP
FBgn0040505,TP
FBgn0040532,TP
FBgn0040565,TP
FBgn0040582,TP
FBgn0040588,TP
FBgn0040601,TP
FBgn0040606,TP
FBgn0040607,TP
FBgn0040608,TP
FBgn0040609,TP
FBgn0040628,TP
FBgn0040629,TP
FBgn0040653,TP
FBgn0040687,TP
FBgn0040697,TP
FBgn0040717,TP
FBgn0040726,TP
FBgn0040733,TP
FBgn0040734,TP
FBgn0040735,TP
FBgn0040736,TP
FBgn0040743,TP
FBgn0040759,TP
FBgn0040794,TP
FBgn0040817,TP
FBgn0040823,TP
FBgn0040849,TP
FBgn0040950,TP
FBgn0040958,TP
FBgn0040959,TP
FBgn0040968,TP
FBgn0041087,TP
FBgn0041097,TP
FBgn0041160,TP
FBgn0041180,TP
FBgn0041181,TP
FBgn0041182,TP
FBgn0041183,TP
FBgn0041579,TP
FBgn0041581,TP
FBgn0041604,TP
FBgn0041629,TP
FBgn0041630,TP
FBgn0041707,TP
FBgn0041709,TP
FBgn0041710,TP
FBgn0041711,TP
FBgn0041712,TP
FBgn0041713,TP
FBgn0041780,TP
FBgn0042086,TP
FBgn0042098,TP
FBgn0042106,TP
FBgn0042118,TP
FBgn0042119,TP
FBgn0042175,TP
FBgn0042180,TP
FBgn0042186,TP
FBgn0042187,TP
FBgn0042201,TP
FBgn0042207,TP
FBgn0043025,TP
FBgn0043470,TP
FBgn0043471,TP
FBgn0043530,TP
FBgn0043532,TP
FBgn0043533,TP
FBgn0043534,TP
FBgn0043535,TP
FBgn0043536,TP
FBgn0043539,TP
FBgn0043550,TP
FBgn0043575,TP
FBgn0043576,TP
FBgn0043577,TP
FBgn0043578,TP
FBgn0043791,TP
FBgn0043825,TP
FBgn0043903,TP
FBgn0044011,TP
FBgn0044028,TP
FBgn0044046,TP
FBgn0044047,TP
FBgn0044048,TP
FBgn0044049,TP
FBgn0044050,TP
FBgn0044051,TP
FBgn0044328,TP
FBgn0044809,TP
FBgn0044810,TP
FBgn0044811,TP
FBgn0044812,TP
FBgn0044823,TP
FBgn0045038,TP
FBgn0045063,TP
FBgn0045442,TP
FBgn0045443,TP
FBgn0045600,TP
FBgn0045637,TP
FBgn0045660,TP
FBgn0045823,TP
FBgn0046113,TP
FBgn0046253,TP
FBgn0046258,TP
FBgn0046302,TP
FBgn0046685,TP
FBgn0046763,TP
FBgn0046875,TP
FBgn0046876,TP
FBgn0046878,TP
FBgn0046879,TP
FBgn0046880,TP
FBgn0046999,TP
FBgn0050018,TP
FBgn0050025,TP
FBgn0050031,TP
FBgn0050035,TP
FBgn0050036,TP
FBgn0050037,TP
FBgn0050042,TP
FBgn0050045,TP
FBgn0050046,TP
FBgn0050048,TP
FBgn0050050,TP
FBgn0050052,TP
FBgn0050062,TP
FBgn0050067,TP
FBgn0050072,TP
FBgn0050073,TP
FBgn0050074,TP
FBgn0050081,TP
FBgn0050082,TP
FBgn0050083,TP
FBgn0050087,TP
FBgn0050088,TP
FBgn0050090,TP
FBgn0050091,TP
FBgn0050098,TP
FBgn0050103,TP
FBgn0050104,TP
FBgn0050106,TP
FBgn0050125,TP
FBgn0050145,TP
FBgn0050148,TP
FBgn0050160,TP
FBgn0050163,TP
FBgn0050172,TP
FBgn0050181,TP
FBgn0050187,TP
FBgn0050197,TP
FBgn0050203,TP
FBgn0050280,TP
FBgn0050281,TP
FBgn0050286,TP
FBgn0050287,TP
FBgn0050288,TP
FBgn0050289,TP
FBgn0050293,TP
FBgn0050323,TP
FBgn0050359,TP
FBgn0050360,TP
FBgn0050361,TP
FBgn0050362,TP
FBgn0050364,TP
FBgn0050366,TP
FBgn0050371,TP
FBgn0050375,TP
FBgn0050411,TP
FBgn0050413,TP
FBgn0050414,TP
FBgn0050418,TP
FBgn0050457,TP
FBgn0050458,TP
FBgn0050464,TP
FBgn0050468,TP
FBgn0050469,TP
FBgn0050471,TP
FBgn0050486,TP
FBgn0050488,TP
FBgn0050503,TP
FBgn0051004,TP
FBgn0051028,TP
FBgn0051041,TP
FBgn0051051,TP
FBgn0051065,TP
FBgn0051076,TP
FBgn0051077,TP
FBgn0051080,TP
FBgn0051081,TP
FBgn0051089,TP
FBgn0051091,TP
FBgn0051092,TP
FBgn0051105,TP
FBgn0051121,TP
FBgn0051145,TP
FBgn0051146,TP
FBgn0051164,TP
FBgn0051183,TP
FBgn0051189,TP
FBgn0051195,TP
FBgn0051198,TP
FBgn0051199,TP
FBgn0051200,TP
FBgn0051201,TP
FBgn0051205,TP
FBgn0051207,TP
FBgn0051217,TP
FBgn0051219,TP
FBgn0051220,TP
FBgn0051221,TP
FBgn0051225,TP
FBgn0051233,TP
FBgn0051265,TP
FBgn0051266,TP
FBgn0051267,TP
FBgn0051268,TP
FBgn0051269,TP
FBgn0051286,TP
FBgn0051296,TP
FBgn0051313,TP
FBgn0051323,TP
FBgn0051326,TP
FBgn0051337,TP
FBgn0051343,TP
FBgn0051361,TP
FBgn0051410,TP
FBgn0051423,TP
FBgn0051424,TP
FBgn0051431,TP
FBgn0051437,TP
FBgn0051438,TP
FBgn0051439,TP
FBgn0051445,TP
FBgn0051446,TP
FBgn0051465,TP
FBgn0051482,TP
FBgn0051515,TP
FBgn0051516,TP
FBgn0051561,TP
FBgn0051600,TP
FBgn0051609,TP
FBgn0051619,TP
FBgn0051626,TP
FBgn0051635,TP
FBgn0051637,TP
FBgn0051646,TP
FBgn0051659,TP
FBgn0051660,TP
FBgn0051661,TP
FBgn0051664,TP
FBgn0051665,TP
FBgn0051675,TP
FBgn0051676,TP
FBgn0051681,TP
FBgn0051683,TP
FBgn0051704,TP
FBgn0051706,TP
FBgn0051708,TP
FBgn0051718,TP
FBgn0051720,TP
FBgn0051728,TP
FBgn0051741,TP
FBgn0051760,TP
FBgn0051774,TP
FBgn0051777,TP
FBgn0051778,TP
FBgn0051779,TP
FBgn0051780,TP
FBgn0051789,TP
FBgn0051814,TP
FBgn0051821,TP
FBgn0051823,TP
FBgn0051827,TP
FBgn0051832,TP
FBgn0051869,TP
FBgn0051871,TP
FBgn0051872,TP
FBgn0051876,TP
FBgn0051901,TP
FBgn0051902,TP
FBgn0051926,TP
FBgn0051928,TP
FBgn0051933,TP
FBgn0051954,TP
FBgn0051973,TP
FBgn0051976,TP
FBgn0051997,TP
FBgn0051999,TP
FBgn0052024,TP
FBgn0052029,TP
FBgn0052036,TP
FBgn0052055,TP
FBgn0052056,TP
FBgn0052057,TP
FBgn0052058,TP
FBgn0052068,TP
FBgn0052085,TP
FBgn0052179,TP
FBgn0052183,TP
FBgn0052185,TP
FBgn0052203,TP
FBgn0052206,TP
FBgn0052227,TP
FBgn0052237,TP
FBgn0052241,TP
FBgn0052248,TP
FBgn0052260,TP
FBgn0052268,TP
FBgn0052269,TP
FBgn0052270,TP
FBgn0052271,TP
FBgn0052274,TP
FBgn0052277,TP
FBgn0052279,TP
FBgn0052282,TP
FBgn0052283,TP
FBgn0052284,TP
FBgn0052302,TP
FBgn0052304,TP
FBgn0052311,TP
FBgn0052313,TP
FBgn0052354,TP
FBgn0052373,TP
FBgn0052374,TP
FBgn0052376,TP
FBgn0052379,TP
FBgn0052382,TP
FBgn0052383,TP
FBgn0052404,TP
FBgn0052405,TP
FBgn0052412,TP
FBgn0052413,TP
FBgn0052432,TP
FBgn0052473,TP
FBgn0052475,TP
FBgn0052476,TP
FBgn0052483,TP
FBgn0052499,TP
FBgn0052521,TP
FBgn0052523,TP
FBgn0052547,TP
FBgn0052557,TP
FBgn0052564,TP
FBgn0052569,TP
FBgn0052570,TP
FBgn0052571,TP
FBgn0052574,TP
FBgn0052594,TP
FBgn0052600,TP
FBgn0052603,TP
FBgn0052642,TP
FBgn0052644,TP
FBgn0052645,TP
FBgn0052647,TP
FBgn0052656,TP
FBgn0052667,TP
FBgn0052679,TP
FBgn0052683,TP
FBgn0052687,TP
FBgn0052698,TP
FBgn0052699,TP
FBgn0052702,TP
FBgn0052704,TP
FBgn0052750,TP
FBgn0052751,TP
FBgn0052755,TP
FBgn0052791,TP
FBgn0052792,TP
FBgn0052808,TP
FBgn0052829,TP
FBgn0052833,TP
FBgn0052834,TP
FBgn0052843,TP
FBgn0052846,TP
FBgn0052984,TP
FBgn0052985,TP
FBgn0053087,TP
FBgn0053094,TP
FBgn0053096,TP
FBgn0053117,TP
FBgn0053121,TP
FBgn0053126,TP
FBgn0053127,TP
FBgn0053128,TP
FBgn0053137,TP
FBgn0053143,TP
FBgn0053145,TP
FBgn0053147,TP
FBgn0053159,TP
FBgn0053160,TP
FBgn0053179,TP
FBgn0053194,TP
FBgn0053196,TP
FBgn0053202,TP
FBgn0053225,TP
FBgn0053257,TP
FBgn0053258,TP
FBgn0053262,TP
FBgn0053263,TP
FBgn0053265,TP
FBgn0053289,TP
FBgn0053302,TP
FBgn0053306,TP
FBgn0053310,TP
FBgn0053329,TP
FBgn0053337,TP
FBgn0053339,TP
FBgn0053340,TP
FBgn0053341,TP
FBgn0053346,TP
FBgn0053348,TP
FBgn0053349,TP
FBgn0053453,TP
FBgn0053454,TP
FBgn0053458,TP
FBgn0053459,TP
FBgn0053460,TP
FBgn0053461,TP
FBgn0053462,TP
FBgn0053463,TP
FBgn0053465,TP
FBgn0053467,TP
FBgn0053475,TP
FBgn0053476,TP
FBgn0053477,TP
FBgn0053481,TP
FBgn0053483,TP
FBgn0053493,TP
FBgn0053508,TP
FBgn0053512,TP
FBgn0053513,TP
FBgn0053516,TP
FBgn0053517,TP
FBgn0053519,TP
FBgn0053530,TP
FBgn0053531,TP
FBgn0053532,TP
FBgn0053533,TP
FBgn0053542,TP
FBgn0053543,TP
FBgn0053626,TP
FBgn0053627,TP
FBgn0053630,TP
FBgn0053631,TP
FBgn0053632,TP
FBgn0053639,TP
FBgn0053640,TP
FBgn0053641,TP
FBgn0053642,TP
FBgn0053643,TP
FBgn0053644,TP
FBgn0053645,TP
FBgn0053647,TP
FBgn0053648,TP
FBgn0053654,TP
FBgn0053658,TP
FBgn0053679,TP
FBgn0053680,TP
FBgn0053687,TP
FBgn0053688,TP
FBgn0053689,TP
FBgn0053690,TP
FBgn0053696,TP
FBgn0053700,TP
FBgn0053702,TP
FBgn0053703,TP
FBgn0053721,TP
FBgn0053723,TP
FBgn0053725,TP
FBgn0053752,TP
FBgn0053757,TP
FBgn0053758,TP
FBgn0053764,TP
FBgn0053766,TP
FBgn0053767,TP
FBgn0053768,TP
FBgn0053769,TP
FBgn0053770,TP
FBgn0053771,TP
FBgn0053772,TP
FBgn0053773,TP
FBgn0053775,TP
FBgn0053777,TP
FBgn0053783,TP
FBgn0053784,TP
FBgn0053792,TP
FBgn0053795,TP
FBgn0053796,TP
FBgn0053798,TP
FBgn0053912,TP
FBgn0053914,TP
FBgn0053919,TP
FBgn0053920,TP
FBgn0053922,TP
FBgn0053923,TP
FBgn0053927,TP
FBgn0053928,TP
FBgn0053958,TP
FBgn0053971,TP
FBgn0053978,TP
FBgn0053983,TP
FBgn0053985,TP
FBgn0053986,TP
FBgn0053988,TP
FBgn0053998,TP
FBgn0054002,TP
FBgn0054003,TP
FBgn0054005,TP
FBgn0054026,TP
FBgn0054028,TP
FBgn0054033,TP
FBgn0054034,TP
FBgn0054038,TP
FBgn0054040,TP
FBgn0054043,TP
FBgn0054045,TP
FBgn0054056,TP
FBgn0054057,TP
FBgn0058006,TP
FBgn0058160,TP
FBgn0058470,TP
FBgn0060296,TP
FBgn0061435,TP
FBgn0062411,TP
FBgn0062413,TP
FBgn0063368,TP
FBgn0063923,TP
FBgn0064237,TP
FBgn0064423,TP
FBgn0064529,TP
FBgn0064535,TP
FBgn0065108,TP
FBgn0065109,TP
FBgn0065110,TP
FBgn0066101,TP
FBgn0066292,TP
FBgn0066293,TP
FBgn0066365,TP
FBgn0067311,TP
FBgn0067312,TP
FBgn0067451,TP
FBgn0067469,TP
FBgn0067527,TP
FBgn0067864,TP
FBgn0067905,TP
FBgn0068114,TP
FBgn0068138,TP
FBgn0068182,TP
FBgn0068197,TP
FBgn0068350,TP
FBgn0068398,TP
FBgn0068590,TP
FBgn0068682,TP
FBgn0068818,TP
FBgn0069056,TP
FBgn0069878,TP
FBgn0069913,TP
FBgn0070840,TP
FBgn0071711,TP
FBgn0082801,TP
FBgn0082805,TP
FBgn0083141,TP
FBgn0083425,TP
FBgn0083431,TP
FBgn0083465,TP
FBgn0083949,TP
FBgn0083950,TP
FBgn0083963,TP
FBgn0083965,TP
FBgn0083966,TP
FBgn0083975,TP
FBgn0083978,TP
FBgn0083979,TP
FBgn0084078,TP
FBgn0084114,TP
FBgn0084129,TP
FBgn0084133,TP
FBgn0084138,TP
FBgn0084171,TP
FBgn0084172,TP
FBgn0084190,TP
FBgn0084217,TP
FBgn0084224,TP
FBgn0084311,TP
FBgn0084319,TP
FBgn0084357,TP
FBgn0084373,TP
FBgn0084389,TP
FBgn0084413,TP
FBgn0084434,TP
FBgn0084609,TP
FBgn0084648,TP
FBgn0084677,TP
FBgn0084721,TP
FBgn0084731,TP
FBgn0084739,TP
FBgn0084766,TP
FBgn0084831,TP
FBgn0084842,TP
FBgn0084847,TP
FBgn0084860,TP
FBgn0084925,TP
FBgn0084926,TP
FBgn0084942,TP
FBgn0084945,TP
FBgn0084976,TP
FBgn0085021,TP
FBgn0085040,TP
FBgn0085044,TP
FBgn0085048,TP
FBgn0085051,TP
FBgn0085083,TP
FBgn0085108,TP
FBgn0085111,TP
FBgn0085127,TP
FBgn0085147,TP
FBgn0085148,TP
FBgn0085200,TP
FBgn0085206,TP
FBgn0085207,TP
FBgn0085213,TP
FBgn0085218,TP
FBgn0085228,TP
FBgn0085244,TP
FBgn0085249,TP
FBgn0085263,TP
FBgn0085273,TP
FBgn0085285,TP
FBgn0085289,TP
FBgn0085292,TP
FBgn0085300,TP
FBgn0085305,TP
FBgn0085308,TP
FBgn0085309,TP
FBgn0085311,TP
FBgn0085319,TP
FBgn0085320,TP
FBgn0085324,TP
FBgn0085332,TP
FBgn0085345,TP
FBgn0085353,TP
FBgn0085358,TP
FBgn0085362,TP
FBgn0085382,TP
FBgn0085384,TP
FBgn0085386,TP
FBgn0085387,TP
FBgn0085397,TP
FBgn0085398,TP
FBgn0085399,TP
FBgn0085400,TP
FBgn0085407,TP
FBgn0085408,TP
FBgn0085409,TP
FBgn0085410,TP
FBgn0085414,TP
FBgn0085420,TP
FBgn0085431,TP
FBgn0085434,TP
FBgn0085438,TP
FBgn0085440,TP
FBgn0085455,TP
FBgn0085456,TP
FBgn0085457,TP
FBgn0085458,TP
FBgn0085465,TP
FBgn0085466,TP
FBgn0085471,TP
FBgn0085472,TP
FBgn0085473,TP
FBgn0085476,TP
FBgn0085477,TP
FBgn0085483,TP
FBgn0085487,TP
FBgn0085488,TP
FBgn0085489,TP
FBgn0085491,TP
FBgn0085599,TP
FBgn0085638,TP
FBgn0086000,TP
FBgn0086178,TP
FBgn0086266,TP
FBgn0086384,TP
FBgn0086408,TP
FBgn0086519,TP
FBgn0086523,TP
FBgn0086573,TP
FBgn0086604,TP
FBgn0086610,TP
FBgn0086611,TP
FBgn0086677,TP
FBgn0086711,TP
FBgn0086778,TP
FBgn0086779,TP
FBgn0086782,TP
FBgn0086900,TP
FBgn0087002,TP
FBgn0087011,TP
FBgn0087012,TP
FBgn0087040,TP
FBgn0191486,TP
FBgn0243486,TP
FBgn0243514,TP
FBgn0243586,TP
FBgn0250788,TP
FBgn0250789,TP
FBgn0250815,TP
FBgn0250823,TP
FBgn0250832,TP
FBgn0250833,TP
FBgn0250837,TP
FBgn0250839,TP
FBgn0250841,TP
FBgn0250842,TP
FBgn0250847,TP
FBgn0250848,TP
FBgn0250862,TP
FBgn0250871,TP
FBgn0250876,TP
FBgn0250907,TP
FBgn0250908,TP
FBgn0250910,TP
FBgn0259101,TP
FBgn0259110,TP
FBgn0259111,TP
FBgn0259140,TP
FBgn0259143,TP
FBgn0259149,TP
FBgn0259174,TP
FBgn0259175,TP
FBgn0259185,TP
FBgn0259187,TP
FBgn0259188,TP
FBgn0259189,TP
FBgn0259190,TP
FBgn0259192,TP
FBgn0259193,TP
FBgn0259194,TP
FBgn0259198,TP
FBgn0259210,TP
FBgn0259213,TP
FBgn0259214,TP
FBgn0259215,TP
FBgn0259223,TP
FBgn0259226,TP
FBgn0259229,TP
FBgn0259230,TP
FBgn0259231,TP
FBgn0259233,TP
FBgn0259237,TP
FBgn0259241,TP
FBgn0259244,TP
FBgn0259245,TP
FBgn0259247,TP
FBgn0259481,TP
FBgn0259677,TP
FBgn0259682,TP
FBgn0259683,TP
FBgn0259685,TP
FBgn0259713,TP
FBgn0259714,TP
FBgn0259715,TP
FBgn0259716,TP
FBgn0259735,TP
FBgn0259748,TP
FBgn0259821,TP
FBgn0259823,TP
FBgn0259878,TP
FBgn0259896,TP
FBgn0259949,TP
FBgn0259950,TP
FBgn0259951,TP
FBgn0259952,TP
FBgn0259953,TP
FBgn0259954,TP
FBgn0259955,TP
FBgn0259956,TP
FBgn0259957,TP
FBgn0259958,TP
FBgn0259960,TP
FBgn0259961,TP
FBgn0259962,TP
FBgn0259964,TP
FBgn0259965,TP
FBgn0259967,TP
FBgn0259984,TP
FBgn0259989,TP
FBgn0259998,TP
FBgn0260004,TP
FBgn0260011,TP
FBgn0260026,TP
FBgn0260386,TP
FBgn0260388,TP
FBgn0260393,TP
FBgn0260430,TP
FBgn0260440,TP
FBgn0260442,TP
FBgn0260446,TP
FBgn0260458,TP
FBgn0260462,TP
FBgn0260474,TP
FBgn0260477,TP
FBgn0260499,TP
FBgn0260645,TP
FBgn0260646,TP
FBgn0260653,TP
FBgn0260660,TP
FBgn0260745,TP
FBgn0260753,TP
FBgn0260763,TP
FBgn0260764,TP
FBgn0260766,TP
FBgn0260793,TP
FBgn0260798,TP
FBgn0260874,TP
FBgn0260995,TP
FBgn0260997,TP
FBgn0261016,TP
FBgn0261041,TP
FBgn0261046,TP
FBgn0261053,TP
FBgn0261054,TP
FBgn0261058,TP
FBgn0261060,TP
FBgn0261089,TP
FBgn0261194,TP
FBgn0261258,TP
FBgn0261260,TP
FBgn0261262,TP
FBgn0261269,TP
FBgn0261277,TP
FBgn0261284,TP
FBgn0261289,TP
FBgn0261290,TP
FBgn0261291,TP
FBgn0261292,TP
FBgn0261293,TP
FBgn0261294,TP
FBgn0261341,TP
FBgn0261360,TP
FBgn0261386,TP
FBgn0261401,TP
FBgn0261402,TP
FBgn0261444,TP
FBgn0261509,TP
FBgn0261514,TP
FBgn0261526,TP
FBgn0261534,TP
FBgn0261563,TP
FBgn0261571,TP
FBgn0261574,TP
FBgn0261584,TP
FBgn0261630,TP
FBgn0261631,TP
FBgn0261633,TP
FBgn0261634,TP
FBgn0261674,TP
FBgn0261681,TP
FBgn0261682,TP
FBgn0261697,TP
FBgn0261788,TP
FBgn0261794,TP
FBgn0261800,TP
FBgn0261802,TP
FBgn0261803,TP
FBgn0261804,TP
FBgn0261822,TP
FBgn0261832,TP
FBgn0261848,TP
FBgn0261871,TP
FBgn0261929,TP
FBgn0261932,TP
FBgn0261952,TP
FBgn0261987,TP
FBgn0261988,TP
FBgn0261993,TP
FBgn0261994,TP
FBgn0261999,TP
FBgn0262001,TP
FBgn0262003,TP
FBgn0262004,TP
FBgn0262005,TP
FBgn0262009,TP
FBgn0262010,TP
FBgn0262018,TP
FBgn0262057,TP
FBgn0262093,TP
FBgn0262124,TP
FBgn0262143,TP
FBgn0262144,TP
FBgn0262169,TP
FBgn0262170,TP
FBgn0262352,TP
FBgn0262357,TP
FBgn0262363,TP
FBgn0262473,TP
FBgn0262509,TP
FBgn0262516,TP
FBgn0262518,TP
FBgn0262528,TP
FBgn0262570,TP
FBgn0262574,TP
FBgn0262587,TP
FBgn0262588,TP
FBgn0262593,TP
FBgn0262594,TP
FBgn0262595,TP
FBgn0262605,TP
FBgn0262614,TP
FBgn0262621,TP
FBgn0262717,TP
FBgn0262720,TP
FBgn0262721,TP
FBgn0262728,TP
FBgn0262733,TP
FBgn0262742,TP
FBgn0262808,TP
FBgn0262838,TP
FBgn0262854,TP
FBgn0262867,TP
FBgn0262869,TP
FBgn0262870,TP
FBgn0262873,TP
FBgn0262874,TP
FBgn0262880,TP
FBgn0262881,TP
FBgn0262983,TP
FBgn0262986,TP
FBgn0262999,TP
FBgn0263005,TP
FBgn0263037,TP
FBgn0263038,TP
FBgn0263040,TP
FBgn0263041,TP
FBgn0263082,TP
FBgn0263109,TP
FBgn0263132,TP
FBgn0263219,TP
FBgn0263234,TP
FBgn0263235,TP
FBgn0263236,TP
FBgn0263256,TP
FBgn0263278,TP
FBgn0263391,TP
FBgn0263596,TP
FBgn0263598,TP
FBgn0263607,TP
FBgn0263748,TP
FBgn0263776,TP
FBgn0263780,TP
FBgn0263841,TP
FBgn0263842,TP
FBgn0263916,TP
FBgn0263930,TP
FBgn0263999,TP
FBgn0264000,TP
FBgn0264002,TP
FBgn0264078,TP
FBgn0264089,TP
FBgn0264253,TP
FBgn0264273,TP
FBgn0264297,TP
FBgn0264298,TP
FBgn0264299,TP
FBgn0264301,TP
FBgn0264308,TP
FBgn0264324,TP
FBgn0264339,TP
FBgn0264341,TP
FBgn0264488,TP
FBgn0264699,TP
FBgn0264750,TP
FBgn0264775,TP
FBgn0264776,TP
FBgn0264810,TP
FBgn0264845,TP
FBgn0264855,TP
FBgn0264899,TP
FBgn0264908,TP
FBgn0264953,TP
FBgn0264959,TP
FBgn0264975,TP
FBgn0264978,TP
FBgn0264979,TP
FBgn0265001,TP
FBgn0265002,TP
FBgn0265011,TP
FBgn0265045,TP
FBgn0265048,TP
FBgn0265137,TP
FBgn0265140,TP
FBgn0265264,TP
FBgn0265267,TP
FBgn0265274,TP
FBgn0265296,TP
FBgn0265416,TP
FBgn0265512,TP
FBgn0265607,TP
FBgn0265767,TP
FBgn0265974,TP
FBgn0266100,TP
FBgn0266136,TP
FBgn0266137,TP
FBgn0266347,TP
FBgn0266354,TP
FBgn0266363,TP
FBgn0266364,TP
FBgn0266369,TP
FBgn0266429,TP
FBgn0266437,TP
FBgn0266442,TP
FBgn0266443,TP
FBgn0266569,TP
FBgn0266670,TP
FBgn0266672,TP
FBgn0266720,TP
FBgn0266801,TP
FBgn0267001,TP
FBgn0267106,TP
FBgn0267348,TP
FBgn0267363,TP
FBgn0267428,TP
FBgn0267430,TP
FBgn0267435,TP
FBgn0267488,TP
FBgn0267489,TP
FBgn0267728,TP
FBgn0267849,TP
FBgn0267911,TP
FBgn0267975,TP
FBgn0268063,TP
FBgn0283461,TP
FBgn0283499,TP
FBgn0283535,TP
FBgn0284084,TP
FBgn0284221,TP
FBgn0284247,TP
FBgn0284247,TP 
FBgn0284408,TP
FBgn0284435,TP
FBgn0284436,TP
FBgn0285896,TP
FBgn0285910,TP
FBgn0285925,TP
FBgn0286071,TP
FBgn0286782,TP
FBgn0286784,TP
FBgn0287423,TP
FBgn0287775,TP
FBgn0287864,TP
FBgn0288469,TP
FBgn0000014,FP
FBgn0000015,FP
FBgn0000017,FP
FBgn0000018,FP
FBgn0000022,FP
FBgn0000028,FP
FBgn0000032,FP
FBgn0000052,FP
FBgn0000097,FP
FBgn0000114,FP
FBgn0000120,FP
FBgn0000121,FP
FBgn0000137,FP
FBgn0000139,FP
FBgn0000146,FP
FBgn0000147,FP
FBgn0000154,FP
FBgn0000157,FP
FBgn0000158,FP
FBgn0000166,FP
FBgn0000173,FP
FBgn0000179,FP
FBgn0000183,FP
FBgn0000212,FP
FBgn0000227,FP
FBgn0000250,FP
FBgn0000251,FP
FBgn0000253,FP
FBgn0000256,FP
FBgn0000259,FP
FBgn0000283,FP
FBgn0000286,FP
FBgn0000287,FP
FBgn0000289,FP
FBgn0000303,FP
FBgn0000308,FP
FBgn0000317,FP
FBgn0000320,FP
FBgn0000346,FP
FBgn0000351,FP
FBgn0000370,FP
FBgn0000376,FP
FBgn0000377,FP
FBgn0000382,FP
FBgn0000392,FP
FBgn0000404,FP
FBgn0000405,FP
FBgn0000406,FP
FBgn0000411,FP
FBgn0000412,FP
FBgn0000439,FP
FBgn0000442,FP
FBgn0000448,FP
FBgn0000449,FP
FBgn0000459,FP
FBgn0000479,FP
FBgn0000492,FP
FBgn0000504,FP
FBgn0000520,FP
FBgn0000524,FP
FBgn0000527,FP
FBgn0000529,FP
FBgn0000536,FP
FBgn0000541,FP
FBgn0000543,FP
FBgn0000546,FP
FBgn0000567,FP
FBgn0000568,FP
FBgn0000575,FP
FBgn0000576,FP
FBgn0000577,FP
FBgn0000581,FP
FBgn0000588,FP
FBgn0000606,FP
FBgn0000611,FP
FBgn0000615,FP
FBgn0000617,FP
FBgn0000618,FP
FBgn0000625,FP
FBgn0000629,FP
FBgn0000659,FP
FBgn0000662,FP
FBgn0000810,FP
FBgn0000927,FP
FBgn0000964,FP
FBgn0000996,FP
FBgn0001078,FP
FBgn0001098,FP
FBgn0001108,FP
FBgn0001125,FP
FBgn0001133,FP
FBgn0001142,FP
FBgn0001145,FP
FBgn0001147,FP
FBgn0001148,FP
FBgn0001149,FP
FBgn0001150,FP
FBgn0001168,FP
FBgn0001174,FP
FBgn0001179,FP
FBgn0001180,FP
FBgn0001196,FP
FBgn0001197,FP
FBgn0001202,FP
FBgn0001215,FP
FBgn0001216,FP
FBgn0001220,FP
FBgn0001222,FP
FBgn0001225,FP
FBgn0001226,FP
FBgn0001235,FP
FBgn0001248,FP
FBgn0001254,FP
FBgn0001258,FP
FBgn0001291,FP
FBgn0001297,FP
FBgn0001308,FP
FBgn0001311,FP
FBgn0001316,FP
FBgn0001325,FP
FBgn0001942,FP
FBgn0001978,FP
FBgn0001990,FP
FBgn0001994,FP
FBgn0002031,FP
FBgn0002036,FP
FBgn0002044,FP
FBgn0002069,FP
FBgn0002174,FP
FBgn0002183,FP
FBgn0002283,FP
FBgn0002413,FP
FBgn0002431,FP
FBgn0002441,FP
FBgn0002521,FP
FBgn0002522,FP
FBgn0002525,FP
FBgn0002542,FP
FBgn0002552,FP
FBgn0002573,FP
FBgn0002576,FP
FBgn0002579,FP
FBgn0002590,FP
FBgn0002622,FP
FBgn0002626,FP
FBgn0002631,FP
FBgn0002638,FP
FBgn0002643,FP
FBgn0002673,FP
FBgn0002709,FP
FBgn0002715,FP
FBgn0002723,FP
FBgn0002733,FP
FBgn0002735,FP
FBgn0002736,FP
FBgn0002774,FP
FBgn0002780,FP
FBgn0002781,FP
FBgn0002783,FP
FBgn0002789,FP
FBgn0002838,FP
FBgn0002887,FP
FBgn0002901,FP
FBgn0002906,FP
FBgn0002914,FP
FBgn0002922,FP
FBgn0002924,FP
FBgn0002938,FP
FBgn0002941,FP
FBgn0002945,FP
FBgn0002973,FP
FBgn0002985,FP
FBgn0002989,FP
FBgn0003002,FP
FBgn0003009,FP
FBgn0003015,FP
FBgn0003028,FP
FBgn0003041,FP
FBgn0003042,FP
FBgn0003044,FP
FBgn0003053,FP
FBgn0003067,FP
FBgn0003068,FP
FBgn0003087,FP
FBgn0003089,FP
FBgn0003117,FP
FBgn0003118,FP
FBgn0003124,FP
FBgn0003129,FP
FBgn0003130,FP
FBgn0003134,FP
FBgn0003139,FP
FBgn0003140,FP
FBgn0003145,FP
FBgn0003162,FP
FBgn0003165,FP
FBgn0003187,FP
FBgn0003227,FP
FBgn0003231,FP
FBgn0003254,FP
FBgn0003256,FP
FBgn0003261,FP
FBgn0003267,FP
FBgn0003268,FP
FBgn0003277,FP
FBgn0003300,FP
FBgn0003302,FP
FBgn0003312,FP
FBgn0003321,FP
FBgn0003330,FP
FBgn0003334,FP
FBgn0003339,FP
FBgn0003345,FP
FBgn0003346,FP
FBgn0003360,FP
FBgn0003371,FP
FBgn0003388,FP
FBgn0003396,FP
FBgn0003401,FP
FBgn0003410,FP
FBgn0003411,FP
FBgn0003415,FP
FBgn0003423,FP
FBgn0003430,FP
FBgn0003447,FP
FBgn0003448,FP
FBgn0003449,FP
FBgn0003459,FP
FBgn0003460,FP
FBgn0003462,FP
FBgn0003464,FP
FBgn0003475,FP
FBgn0003483,FP
FBgn0003511,FP
FBgn0003512,FP
FBgn0003513,FP
FBgn0003520,FP
FBgn0003523,FP
FBgn0003525,FP
FBgn0003557,FP
FBgn0003567,FP
FBgn0003598,FP
FBgn0003607,FP
FBgn0003612,FP
FBgn0003651,FP
FBgn0003687,FP
FBgn0003701,FP
FBgn0003744,FP
FBgn0003862,FP
FBgn0003866,FP
FBgn0003870,FP
FBgn0003884,FP
FBgn0003891,FP
FBgn0003896,FP
FBgn0003900,FP
FBgn0003944,FP
FBgn0003963,FP
FBgn0003964,FP
FBgn0003975,FP
FBgn0003977,FP
FBgn0003978,FP
FBgn0004050,FP
FBgn0004052,FP
FBgn0004101,FP
FBgn0004102,FP
FBgn0004110,FP
FBgn0004132,FP
FBgn0004133,FP
FBgn0004177,FP
FBgn0004198,FP
FBgn0004227,FP
FBgn0004237,FP
FBgn0004362,FP
FBgn0004363,FP
FBgn0004367,FP
FBgn0004372,FP
FBgn0004378,FP
FBgn0004379,FP
FBgn0004380,FP
FBgn0004394,FP
FBgn0004395,FP
FBgn0004396,FP
FBgn0004400,FP
FBgn0004406,FP
FBgn0004407,FP
FBgn0004419,FP
FBgn0004432,FP
FBgn0004436,FP
FBgn0004507,FP
FBgn0004574,FP
FBgn0004587,FP
FBgn0004606,FP
FBgn0004607,FP
FBgn0004618,FP
FBgn0004623,FP
FBgn0004635,FP
FBgn0004643,FP
FBgn0004655,FP
FBgn0004656,FP
FBgn0004666,FP
FBgn0004698,FP
FBgn0004795,FP
FBgn0004832,FP
FBgn0004837,FP
FBgn0004838,FP
FBgn0004854,FP
FBgn0004855,FP
FBgn0004858,FP
FBgn0004859,FP
FBgn0004860,FP
FBgn0004861,FP
FBgn0004862,FP
FBgn0004867,FP
FBgn0004870,FP
FBgn0004872,FP
FBgn0004875,FP
FBgn0004878,FP
FBgn0004880,FP
FBgn0004882,FP
FBgn0004888,FP
FBgn0004889,FP
FBgn0004892,FP
FBgn0004893,FP
FBgn0004895,FP
FBgn0004913,FP
FBgn0004914,FP
FBgn0004915,FP
FBgn0004919,FP
FBgn0004924,FP
FBgn0005198,FP
FBgn0005355,FP
FBgn0005386,FP
FBgn0005411,FP
FBgn0005427,FP
FBgn0005558,FP
FBgn0005561,FP
FBgn0005596,FP
FBgn0005612,FP
FBgn0005613,FP
FBgn0005624,FP
FBgn0005632,FP
FBgn0005636,FP
FBgn0005638,FP
FBgn0005642,FP
FBgn0005648,FP
FBgn0005649,FP
FBgn0005654,FP
FBgn0005655,FP
FBgn0005674,FP
FBgn0005677,FP
FBgn0005695,FP
FBgn0005696,FP
FBgn0005777,FP
FBgn0005778,FP
FBgn0008651,FP
FBgn0010038,FP
FBgn0010039,FP
FBgn0010040,FP
FBgn0010041,FP
FBgn0010042,FP
FBgn0010043,FP
FBgn0010044,FP
FBgn0010085,FP
FBgn0010097,FP
FBgn0010100,FP
FBgn0010109,FP
FBgn0010113,FP
FBgn0010173,FP
FBgn0010174,FP
FBgn0010175,FP
FBgn0010217,FP
FBgn0010220,FP
FBgn0010222,FP
FBgn0010226,FP
FBgn0010258,FP
FBgn0010263,FP
FBgn0010265,FP
FBgn0010272,FP
FBgn0010280,FP
FBgn0010282,FP
FBgn0010287,FP
FBgn0010292,FP
FBgn0010300,FP
FBgn0010313,FP
FBgn0010316,FP
FBgn0010323,FP
FBgn0010328,FP
FBgn0010342,FP
FBgn0010348,FP
FBgn0010355,FP
FBgn0010356,FP
FBgn0010379,FP
FBgn0010382,FP
FBgn0010398,FP
FBgn0010408,FP
FBgn0010411,FP
FBgn0010416,FP
FBgn0010417,FP
FBgn0010421,FP
FBgn0010422,FP
FBgn0010431,FP
FBgn0010433,FP
FBgn0010438,FP
FBgn0010501,FP
FBgn0010516,FP
FBgn0010531,FP
FBgn0010551,FP
FBgn0010602,FP
FBgn0010762,FP
FBgn0010774,FP
FBgn0010803,FP
FBgn0010825,FP
FBgn0011020,FP
FBgn0011202,FP
FBgn0011206,FP
FBgn0011207,FP
FBgn0011211,FP
FBgn0011224,FP
FBgn0011225,FP
FBgn0011236,FP
FBgn0011273,FP
FBgn0011274,FP
FBgn0011278,FP
FBgn0011288,FP
FBgn0011289,FP
FBgn0011290,FP
FBgn0011291,FP
FBgn0011305,FP
FBgn0011327,FP
FBgn0011361,FP
FBgn0011455,FP
FBgn0011481,FP
FBgn0011573,FP
FBgn0011586,FP
FBgn0011591,FP
FBgn0011604,FP
FBgn0011606,FP
FBgn0011638,FP
FBgn0011640,FP
FBgn0011648,FP
FBgn0011655,FP
FBgn0011656,FP
FBgn0011666,FP
FBgn0011667,FP
FBgn0011674,FP
FBgn0011692,FP
FBgn0011701,FP
FBgn0011706,FP
FBgn0011715,FP
FBgn0011723,FP
FBgn0011725,FP
FBgn0011737,FP
FBgn0011741,FP
FBgn0011758,FP
FBgn0011760,FP
FBgn0011761,FP
FBgn0011763,FP
FBgn0011766,FP
FBgn0011769,FP
FBgn0011787,FP
FBgn0011802,FP
FBgn0011817,FP
FBgn0011836,FP
FBgn0011837,FP
FBgn0012036,FP
FBgn0012058,FP
FBgn0013263,FP
FBgn0013325,FP
FBgn0013347,FP
FBgn0013432,FP
FBgn0013469,FP
FBgn0013531,FP
FBgn0013548,FP
FBgn0013576,FP
FBgn0013672,FP
FBgn0013717,FP
FBgn0013725,FP
FBgn0013733,FP
FBgn0013746,FP
FBgn0013751,FP
FBgn0013753,FP
FBgn0013755,FP
FBgn0013756,FP
FBgn0013764,FP
FBgn0013799,FP
FBgn0013970,FP
FBgn0013987,FP
FBgn0014018,FP
FBgn0014022,FP
FBgn0014037,FP
FBgn0014075,FP
FBgn0014127,FP
FBgn0014133,FP
FBgn0014143,FP
FBgn0014179,FP
FBgn0014189,FP
FBgn0014340,FP
FBgn0014395,FP
FBgn0014396,FP
FBgn0014859,FP
FBgn0014863,FP
FBgn0014870,FP
FBgn0014877,FP
FBgn0014931,FP
FBgn0015024,FP
FBgn0015025,FP
FBgn0015031,FP
FBgn0015075,FP
FBgn0015218,FP
FBgn0015239,FP
FBgn0015245,FP
FBgn0015270,FP
FBgn0015271,FP
FBgn0015282,FP
FBgn0015283,FP
FBgn0015291,FP
FBgn0015293,FP
FBgn0015295,FP
FBgn0015299,FP
FBgn0015371,FP
FBgn0015376,FP
FBgn0015379,FP
FBgn0015391,FP
FBgn0015396,FP
FBgn0015509,FP
FBgn0015513,FP
FBgn0015544,FP
FBgn0015546,FP
FBgn0015550,FP
FBgn0015553,FP
FBgn0015561,FP
FBgn0015582,FP
FBgn0015589,FP
FBgn0015600,FP
FBgn0015602,FP
FBgn0015618,FP
FBgn0015625,FP
FBgn0015664,FP
FBgn0015721,FP
FBgn0015765,FP
FBgn0015778,FP
FBgn0015789,FP
FBgn0015799,FP
FBgn0015805,FP
FBgn0015828,FP
FBgn0015829,FP
FBgn0015903,FP
FBgn0015904,FP
FBgn0015919,FP
FBgn0016034,FP
FBgn0016041,FP
FBgn0016070,FP
FBgn0016076,FP
FBgn0016081,FP
FBgn0016119,FP
FBgn0016120,FP
FBgn0016641,FP
FBgn0016660,FP
FBgn0016664,FP
FBgn0016668,FP
FBgn0016682,FP
FBgn0016685,FP
FBgn0016687,FP
FBgn0016691,FP
FBgn0016694,FP
FBgn0016698,FP
FBgn0016754,FP
FBgn0016756,FP
FBgn0016917,FP
FBgn0016977,FP
FBgn0016978,FP
FBgn0017418,FP
FBgn0017429,FP
FBgn0017430,FP
FBgn0017457,FP
FBgn0017482,FP
FBgn0017550,FP
FBgn0017551,FP
FBgn0017562,FP
FBgn0017563,FP
FBgn0017564,FP
FBgn0017567,FP
FBgn0017572,FP
FBgn0017578,FP
FBgn0017581,FP
FBgn0019624,FP
FBgn0019644,FP
FBgn0019686,FP
FBgn0019809,FP
FBgn0019828,FP
FBgn0019949,FP
FBgn0019957,FP
FBgn0019960,FP
FBgn0020224,FP
FBgn0020235,FP
FBgn0020255,FP
FBgn0020261,FP
FBgn0020272,FP
FBgn0020279,FP
FBgn0020304,FP
FBgn0020306,FP
FBgn0020307,FP
FBgn0020309,FP
FBgn0020369,FP
FBgn0020378,FP
FBgn0020381,FP
FBgn0020385,FP
FBgn0020388,FP
FBgn0020399,FP
FBgn0020407,FP
FBgn0020412,FP
FBgn0020493,FP
FBgn0020496,FP
FBgn0020497,FP
FBgn0020513,FP
FBgn0020556,FP
FBgn0020618,FP
FBgn0020621,FP
FBgn0020653,FP
FBgn0020887,FP
FBgn0020912,FP
FBgn0021584,FP
FBgn0021585,FP
FBgn0021586,FP
FBgn0021750,FP
FBgn0021760,FP
FBgn0021761,FP
FBgn0021765,FP
FBgn0021767,FP
FBgn0021768,FP
FBgn0021776,FP
FBgn0021796,FP
FBgn0021800,FP
FBgn0021872,FP
FBgn0021875,FP
FBgn0021906,FP
FBgn0021944,FP
FBgn0021967,FP
FBgn0022029,FP
FBgn0022160,FP
FBgn0022224,FP
FBgn0022238,FP
FBgn0022338,FP
FBgn0022349,FP
FBgn0022361,FP
FBgn0022384,FP
FBgn0022665,FP
FBgn0022666,FP
FBgn0022667,FP
FBgn0022699,FP
FBgn0022709,FP
FBgn0022740,FP
FBgn0022764,FP
FBgn0022768,FP
FBgn0022774,FP
FBgn0022786,FP
FBgn0022893,FP
FBgn0022935,FP
FBgn0022945,FP
FBgn0022965,FP
FBgn0022967,FP
FBgn0022968,FP
FBgn0022970,FP
FBgn0022984,FP
FBgn0022986,FP
FBgn0022987,FP
FBgn0023023,FP
FBgn0023076,FP
FBgn0023083,FP
FBgn0023091,FP
FBgn0023094,FP
FBgn0023097,FP
FBgn0023167,FP
FBgn0023169,FP
FBgn0023171,FP
FBgn0023177,FP
FBgn0023181,FP
FBgn0023215,FP
FBgn0023216,FP
FBgn0023388,FP
FBgn0023395,FP
FBgn0023441,FP
FBgn0023477,FP
FBgn0023489,FP
FBgn0023506,FP
FBgn0023508,FP
FBgn0023509,FP
FBgn0023515,FP
FBgn0023517,FP
FBgn0023518,FP
FBgn0023537,FP
FBgn0024183,FP
FBgn0024188,FP
FBgn0024191,FP
FBgn0024222,FP
FBgn0024250,FP
FBgn0024273,FP
FBgn0024285,FP
FBgn0024291,FP
FBgn0024329,FP
FBgn0024330,FP
FBgn0024360,FP
FBgn0024364,FP
FBgn0024371,FP
FBgn0024510,FP
FBgn0024555,FP
FBgn0024556,FP
FBgn0024558,FP
FBgn0024733,FP
FBgn0024754,FP
FBgn0024807,FP
FBgn0024889,FP
FBgn0024947,FP
FBgn0024957,FP
FBgn0024958,FP
FBgn0024968,FP
FBgn0024975,FP
FBgn0024992,FP
FBgn0025352,FP
FBgn0025355,FP
FBgn0025455,FP
FBgn0025463,FP
FBgn0025525,FP
FBgn0025571,FP
FBgn0025573,FP
FBgn0025629,FP
FBgn0025630,FP
FBgn0025635,FP
FBgn0025638,FP
FBgn0025639,FP
FBgn0025640,FP
FBgn0025679,FP
FBgn0025680,FP
FBgn0025682,FP
FBgn0025700,FP
FBgn0025739,FP
FBgn0025743,FP
FBgn0025776,FP
FBgn0025790,FP
FBgn0025800,FP
FBgn0025802,FP
FBgn0025807,FP
FBgn0025815,FP
FBgn0025825,FP
FBgn0025866,FP
FBgn0025874,FP
FBgn0025885,FP
FBgn0026079,FP
FBgn0026080,FP
FBgn0026086,FP
FBgn0026143,FP
FBgn0026206,FP
FBgn0026238,FP
FBgn0026252,FP
FBgn0026257,FP
FBgn0026259,FP
FBgn0026261,FP
FBgn0026262,FP
FBgn0026268,FP
FBgn0026309,FP
FBgn0026313,FP
FBgn0026317,FP
FBgn0026319,FP
FBgn0026320,FP
FBgn0026323,FP
FBgn0026324,FP
FBgn0026373,FP
FBgn0026377,FP
FBgn0026378,FP
FBgn0026379,FP
FBgn0026401,FP
FBgn0026409,FP
FBgn0026417,FP
FBgn0026418,FP
FBgn0026428,FP
FBgn0026479,FP
FBgn0026566,FP
FBgn0026575,FP
FBgn0026577,FP
FBgn0026582,FP
FBgn0026598,FP
FBgn0026619,FP
FBgn0026679,FP
FBgn0026737,FP
FBgn0026761,FP
FBgn0026777,FP
FBgn0026873,FP
FBgn0027053,FP
FBgn0027066,FP
FBgn0027079,FP
FBgn0027080,FP
FBgn0027081,FP
FBgn0027082,FP
FBgn0027083,FP
FBgn0027084,FP
FBgn0027085,FP
FBgn0027086,FP
FBgn0027087,FP
FBgn0027088,FP
FBgn0027090,FP
FBgn0027091,FP
FBgn0027093,FP
FBgn0027094,FP
FBgn0027106,FP
FBgn0027291,FP
FBgn0027296,FP
FBgn0027338,FP
FBgn0027359,FP
FBgn0027375,FP
FBgn0027378,FP
FBgn0027495,FP
FBgn0027507,FP
FBgn0027512,FP
FBgn0027514,FP
FBgn0027515,FP
FBgn0027526,FP
FBgn0027546,FP
FBgn0027548,FP
FBgn0027549,FP
FBgn0027553,FP
FBgn0027567,FP
FBgn0027580,FP
FBgn0027590,FP
FBgn0027592,FP
FBgn0027596,FP
FBgn0027601,FP
FBgn0027603,FP
FBgn0027610,FP
FBgn0027616,FP
FBgn0027620,FP
FBgn0027621,FP
FBgn0027655,FP
FBgn0027783,FP
FBgn0027786,FP
FBgn0027788,FP
FBgn0027790,FP
FBgn0027794,FP
FBgn0027835,FP
FBgn0027844,FP
FBgn0027872,FP
FBgn0027889,FP
FBgn0027903,FP
FBgn0027945,FP
FBgn0027950,FP
FBgn0028292,FP
FBgn0028325,FP
FBgn0028342,FP
FBgn0028343,FP
FBgn0028360,FP
FBgn0028375,FP
FBgn0028381,FP
FBgn0028387,FP
FBgn0028398,FP
FBgn0028406,FP
FBgn0028411,FP
FBgn0028426,FP
FBgn0028436,FP
FBgn0028471,FP
FBgn0028473,FP
FBgn0028474,FP
FBgn0028476,FP
FBgn0028479,FP
FBgn0028484,FP
FBgn0028499,FP
FBgn0028515,FP
FBgn0028530,FP
FBgn0028550,FP
FBgn0028552,FP
FBgn0028554,FP
FBgn0028577,FP
FBgn0028646,FP
FBgn0028647,FP
FBgn0028683,FP
FBgn0028684,FP
FBgn0028685,FP
FBgn0028686,FP
FBgn0028687,FP
FBgn0028705,FP
FBgn0028707,FP
FBgn0028734,FP
FBgn0028789,FP
FBgn0028833,FP
FBgn0028878,FP
FBgn0028894,FP
FBgn0028895,FP
FBgn0028896,FP
FBgn0028919,FP
FBgn0028926,FP
FBgn0028962,FP
FBgn0028978,FP
FBgn0028979,FP
FBgn0028980,FP
FBgn0028982,FP
FBgn0028991,FP
FBgn0028992,FP
FBgn0028996,FP
FBgn0028997,FP
FBgn0029003,FP
FBgn0029067,FP
FBgn0029113,FP
FBgn0029123,FP
FBgn0029131,FP
FBgn0029133,FP
FBgn0029161,FP
FBgn0029176,FP
FBgn0029503,FP
FBgn0029512,FP
FBgn0029693,FP
FBgn0029745,FP
FBgn0029783,FP
FBgn0029798,FP
FBgn0029800,FP
FBgn0029820,FP
FBgn0029822,FP
FBgn0029823,FP
FBgn0029854,FP
FBgn0029858,FP
FBgn0029867,FP
FBgn0029890,FP
FBgn0029891,FP
FBgn0029892,FP
FBgn0029905,FP
FBgn0029928,FP
FBgn0029943,FP
FBgn0029945,FP
FBgn0029949,FP
FBgn0029958,FP
FBgn0029969,FP
FBgn0030003,FP
FBgn0030005,FP
FBgn0030007,FP
FBgn0030008,FP
FBgn0030012,FP
FBgn0030034,FP
FBgn0030037,FP
FBgn0030054,FP
FBgn0030082,FP
FBgn0030085,FP
FBgn0030086,FP
FBgn0030092,FP
FBgn0030093,FP
FBgn0030096,FP
FBgn0030101,FP
FBgn0030102,FP
FBgn0030206,FP
FBgn0030217,FP
FBgn0030228,FP
FBgn0030240,FP
FBgn0030257,FP
FBgn0030269,FP
FBgn0030276,FP
FBgn0030305,FP
FBgn0030314,FP
FBgn0030316,FP
FBgn0030320,FP
FBgn0030328,FP
FBgn0030344,FP
FBgn0030352,FP
FBgn0030364,FP
FBgn0030366,FP
FBgn0030384,FP
FBgn0030400,FP
FBgn0030407,FP
FBgn0030410,FP
FBgn0030418,FP
FBgn0030420,FP
FBgn0030455,FP
FBgn0030460,FP
FBgn0030478,FP
FBgn0030484,FP
FBgn0030486,FP
FBgn0030501,FP
FBgn0030503,FP
FBgn0030504,FP
FBgn0030529,FP
FBgn0030556,FP
FBgn0030558,FP
FBgn0030573,FP
FBgn0030574,FP
FBgn0030582,FP
FBgn0030623,FP
FBgn0030631,FP
FBgn0030653,FP
FBgn0030657,FP
FBgn0030659,FP
FBgn0030674,FP
FBgn0030680,FP
FBgn0030697,FP
FBgn0030735,FP
FBgn0030748,FP
FBgn0030753,FP
FBgn0030786,FP
FBgn0030787,FP
FBgn0030793,FP
FBgn0030799,FP
FBgn0030800,FP
FBgn0030806,FP
FBgn0030809,FP
FBgn0030812,FP
FBgn0030839,FP
FBgn0030853,FP
FBgn0030858,FP
FBgn0030874,FP
FBgn0030877,FP
FBgn0030891,FP
FBgn0030915,FP
FBgn0030945,FP
FBgn0030963,FP
FBgn0030966,FP
FBgn0030974,FP
FBgn0030982,FP
FBgn0031003,FP
FBgn0031039,FP
FBgn0031040,FP
FBgn0031044,FP
FBgn0031054,FP
FBgn0031066,FP
FBgn0031094,FP
FBgn0031107,FP
FBgn0031117,FP
FBgn0031144,FP
FBgn0031194,FP
FBgn0031232,FP
FBgn0031247,FP
FBgn0031281,FP
FBgn0031309,FP
FBgn0031314,FP
FBgn0031317,FP
FBgn0031359,FP
FBgn0031377,FP
FBgn0031390,FP
FBgn0031392,FP
FBgn0031397,FP
FBgn0031399,FP
FBgn0031420,FP
FBgn0031428,FP
FBgn0031434,FP
FBgn0031435,FP
FBgn0031441,FP
FBgn0031451,FP
FBgn0031453,FP
FBgn0031456,FP
FBgn0031494,FP
FBgn0031497,FP
FBgn0031544,FP
FBgn0031573,FP
FBgn0031592,FP
FBgn0031597,FP
FBgn0031603,FP
FBgn0031604,FP
FBgn0031608,FP
FBgn0031610,FP
FBgn0031613,FP
FBgn0031621,FP
FBgn0031637,FP
FBgn0031643,FP
FBgn0031655,FP
FBgn0031659,FP
FBgn0031668,FP
FBgn0031682,FP
FBgn0031698,FP
FBgn0031711,FP
FBgn0031717,FP
FBgn0031730,FP
FBgn0031752,FP
FBgn0031759,FP
FBgn0031814,FP
FBgn0031820,FP
FBgn0031824,FP
FBgn0031830,FP
FBgn0031848,FP
FBgn0031851,FP
FBgn0031853,FP
FBgn0031868,FP
FBgn0031873,FP
FBgn0031883,FP
FBgn0031885,FP
FBgn0031894,FP
FBgn0031909,FP
FBgn0031913,FP
FBgn0031925,FP
FBgn0031951,FP
FBgn0031952,FP
FBgn0031972,FP
FBgn0031977,FP
FBgn0031990,FP
FBgn0032015,FP
FBgn0032016,FP
FBgn0032048,FP
FBgn0032054,FP
FBgn0032059,FP
FBgn0032089,FP
FBgn0032147,FP
FBgn0032154,FP
FBgn0032157,FP
FBgn0032160,FP
FBgn0032168,FP
FBgn0032196,FP
FBgn0032202,FP
FBgn0032205,FP
FBgn0032208,FP
FBgn0032209,FP
FBgn0032223,FP
FBgn0032229,FP
FBgn0032230,FP
FBgn0032248,FP
FBgn0032250,FP
FBgn0032251,FP
FBgn0032261,FP
FBgn0032287,FP
FBgn0032295,FP
FBgn0032297,FP
FBgn0032321,FP
FBgn0032329,FP
FBgn0032346,FP
FBgn0032393,FP
FBgn0032409,FP
FBgn0032428,FP
FBgn0032473,FP
FBgn0032475,FP
FBgn0032478,FP
FBgn0032486,FP
FBgn0032487,FP
FBgn0032488,FP
FBgn0032492,FP
FBgn0032515,FP
FBgn0032600,FP
FBgn0032646,FP
FBgn0032650,FP
FBgn0032660,FP
FBgn0032671,FP
FBgn0032681,FP
FBgn0032698,FP
FBgn0032702,FP
FBgn0032705,FP
FBgn0032720,FP
FBgn0032725,FP
FBgn0032730,FP
FBgn0032744,FP
FBgn0032763,FP
FBgn0032771,FP
FBgn0032813,FP
FBgn0032815,FP
FBgn0032817,FP
FBgn0032833,FP
FBgn0032857,FP
FBgn0032886,FP
FBgn0032901,FP
FBgn0032929,FP
FBgn0032945,FP
FBgn0032955,FP
FBgn0032971,FP
FBgn0032979,FP
FBgn0033021,FP
FBgn0033029,FP
FBgn0033038,FP
FBgn0033050,FP
FBgn0033051,FP
FBgn0033055,FP
FBgn0033074,FP
FBgn0033079,FP
FBgn0033081,FP
FBgn0033100,FP
FBgn0033153,FP
FBgn0033179,FP
FBgn0033184,FP
FBgn0033185,FP
FBgn0033186,FP
FBgn0033224,FP
FBgn0033226,FP
FBgn0033233,FP
FBgn0033246,FP
FBgn0033248,FP
FBgn0033252,FP
FBgn0033260,FP
FBgn0033273,FP
FBgn0033274,FP
FBgn0033322,FP
FBgn0033348,FP
FBgn0033373,FP
FBgn0033378,FP
FBgn0033380,FP
FBgn0033381,FP
FBgn0033391,FP
FBgn0033413,FP
FBgn0033426,FP
FBgn0033427,FP
FBgn0033449,FP
FBgn0033450,FP
FBgn0033451,FP
FBgn0033457,FP
FBgn0033486,FP
FBgn0033491,FP
FBgn0033521,FP
FBgn0033523,FP
FBgn0033539,FP
FBgn0033549,FP
FBgn0033569,FP
FBgn0033570,FP
FBgn0033581,FP
FBgn0033607,FP
FBgn0033633,FP
FBgn0033653,FP
FBgn0033659,FP
FBgn0033661,FP
FBgn0033667,FP
FBgn0033668,FP
FBgn0033672,FP
FBgn0033688,FP
FBgn0033692,FP
FBgn0033698,FP
FBgn0033699,FP
FBgn0033712,FP
FBgn0033717,FP
FBgn0033735,FP
FBgn0033748,FP
FBgn0033749,FP
FBgn0033752,FP
FBgn0033754,FP
FBgn0033757,FP
FBgn0033773,FP
FBgn0033816,FP
FBgn0033817,FP
FBgn0033845,FP
FBgn0033853,FP
FBgn0033859,FP
FBgn0033865,FP
FBgn0033879,FP
FBgn0033883,FP
FBgn0033885,FP
FBgn0033886,FP
FBgn0033897,FP
FBgn0033900,FP
FBgn0033917,FP
FBgn0033918,FP
FBgn0033929,FP
FBgn0033934,FP
FBgn0033961,FP
FBgn0033987,FP
FBgn0033998,FP
FBgn0034012,FP
FBgn0034051,FP
FBgn0034062,FP
FBgn0034065,FP
FBgn0034068,FP
FBgn0034087,FP
FBgn0034091,FP
FBgn0034109,FP
FBgn0034110,FP
FBgn0034114,FP
FBgn0034138,FP
FBgn0034177,FP
FBgn0034194,FP
FBgn0034218,FP
FBgn0034223,FP
FBgn0034224,FP
FBgn0034240,FP
FBgn0034245,FP
FBgn0034246,FP
FBgn0034259,FP
FBgn0034264,FP
FBgn0034282,FP
FBgn0034299,FP
FBgn0034314,FP
FBgn0034335,FP
FBgn0034351,FP
FBgn0034354,FP
FBgn0034356,FP
FBgn0034371,FP
FBgn0034379,FP
FBgn0034390,FP
FBgn0034401,FP
FBgn0034411,FP
FBgn0034418,FP
FBgn0034425,FP
FBgn0034433,FP
FBgn0034435,FP
FBgn0034451,FP
FBgn0034454,FP
FBgn0034472,FP
FBgn0034497,FP
FBgn0034537,FP
FBgn0034570,FP
FBgn0034583,FP
FBgn0034585,FP
FBgn0034617,FP
FBgn0034627,FP
FBgn0034643,FP
FBgn0034646,FP
FBgn0034650,FP
FBgn0034654,FP
FBgn0034667,FP
FBgn0034722,FP
FBgn0034728,FP
FBgn0034792,FP
FBgn0034814,FP
FBgn0034878,FP
FBgn0034879,FP
FBgn0034894,FP
FBgn0034897,FP
FBgn0034918,FP
FBgn0034921,FP
FBgn0034939,FP
FBgn0034943,FP
FBgn0034946,FP
FBgn0034950,FP
FBgn0034970,FP
FBgn0034982,FP
FBgn0034989,FP
FBgn0035025,FP
FBgn0035026,FP
FBgn0035032,FP
FBgn0035036,FP
FBgn0035060,FP
FBgn0035064,FP
FBgn0035088,FP
FBgn0035103,FP
FBgn0035106,FP
FBgn0035110,FP
FBgn0035111,FP
FBgn0035121,FP
FBgn0035124,FP
FBgn0035134,FP
FBgn0035137,FP
FBgn0035142,FP
FBgn0035149,FP
FBgn0035166,FP
FBgn0035207,FP
FBgn0035213,FP
FBgn0035228,FP
FBgn0035231,FP
FBgn0035235,FP
FBgn0035249,FP
FBgn0035268,FP
FBgn0035298,FP
FBgn0035334,FP
FBgn0035357,FP
FBgn0035397,FP
FBgn0035402,FP
FBgn0035407,FP
FBgn0035426,FP
FBgn0035436,FP
FBgn0035437,FP
FBgn0035471,FP
FBgn0035479,FP
FBgn0035498,FP
FBgn0035529,FP
FBgn0035542,FP
FBgn0035571,FP
FBgn0035587,FP
FBgn0035590,FP
FBgn0035591,FP
FBgn0035600,FP
FBgn0035608,FP
FBgn0035625,FP
FBgn0035627,FP
FBgn0035630,FP
FBgn0035640,FP
FBgn0035643,FP
FBgn0035657,FP
FBgn0035687,FP
FBgn0035690,FP
FBgn0035691,FP
FBgn0035702,FP
FBgn0035713,FP
FBgn0035719,FP
FBgn0035754,FP
FBgn0035761,FP
FBgn0035769,FP
FBgn0035811,FP
FBgn0035830,FP
FBgn0035838,FP
FBgn0035849,FP
FBgn0035851,FP
FBgn0035872,FP
FBgn0035878,FP
FBgn0035900,FP
FBgn0035904,FP
FBgn0035906,FP
FBgn0035907,FP
FBgn0035916,FP
FBgn0035918,FP
FBgn0035942,FP
FBgn0035945,FP
FBgn0035953,FP
FBgn0035954,FP
FBgn0035956,FP
FBgn0035980,FP
FBgn0035997,FP
FBgn0036004,FP
FBgn0036038,FP
FBgn0036039,FP
FBgn0036053,FP
FBgn0036090,FP
FBgn0036099,FP
FBgn0036111,FP
FBgn0036152,FP
FBgn0036160,FP
FBgn0036161,FP
FBgn0036165,FP
FBgn0036184,FP
FBgn0036187,FP
FBgn0036194,FP
FBgn0036210,FP
FBgn0036212,FP
FBgn0036237,FP
FBgn0036239,FP
FBgn0036262,FP
FBgn0036273,FP
FBgn0036277,FP
FBgn0036282,FP
FBgn0036285,FP
FBgn0036294,FP
FBgn0036318,FP
FBgn0036334,FP
FBgn0036340,FP
FBgn0036349,FP
FBgn0036366,FP
FBgn0036373,FP
FBgn0036374,FP
FBgn0036395,FP
FBgn0036396,FP
FBgn0036397,FP
FBgn0036398,FP
FBgn0036411,FP
FBgn0036421,FP
FBgn0036437,FP
FBgn0036450,FP
FBgn0036483,FP
FBgn0036490,FP
FBgn0036497,FP
FBgn0036510,FP
FBgn0036522,FP
FBgn0036534,FP
FBgn0036536,FP
FBgn0036538,FP
FBgn0036544,FP
FBgn0036550,FP
FBgn0036551,FP
FBgn0036552,FP
FBgn0036553,FP
FBgn0036569,FP
FBgn0036570,FP
FBgn0036629,FP
FBgn0036640,FP
FBgn0036641,FP
FBgn0036667,FP
FBgn0036686,FP
FBgn0036691,FP
FBgn0036702,FP
FBgn0036730,FP
FBgn0036745,FP
FBgn0036746,FP
FBgn0036760,FP
FBgn0036763,FP
FBgn0036804,FP
FBgn0036808,FP
FBgn0036811,FP
FBgn0036824,FP
FBgn0036826,FP
FBgn0036827,FP
FBgn0036828,FP
FBgn0036843,FP
FBgn0036856,FP
FBgn0036875,FP
FBgn0036876,FP
FBgn0036877,FP
FBgn0036887,FP
FBgn0036892,FP
FBgn0036899,FP
FBgn0036915,FP
FBgn0036916,FP
FBgn0036927,FP
FBgn0036928,FP
FBgn0036941,FP
FBgn0036942,FP
FBgn0036964,FP
FBgn0036967,FP
FBgn0037007,FP
FBgn0037008,FP
FBgn0037021,FP
FBgn0037027,FP
FBgn0037031,FP
FBgn0037063,FP
FBgn0037064,FP
FBgn0037094,FP
FBgn0037098,FP
FBgn0037102,FP
FBgn0037109,FP
FBgn0037120,FP
FBgn0037135,FP
FBgn0037138,FP
FBgn0037141,FP
FBgn0037146,FP
FBgn0037170,FP
FBgn0037182,FP
FBgn0037202,FP
FBgn0037207,FP
FBgn0037220,FP
FBgn0037232,FP
FBgn0037239,FP
FBgn0037248,FP
FBgn0037255,FP
FBgn0037262,FP
FBgn0037275,FP
FBgn0037301,FP
FBgn0037317,FP
FBgn0037325,FP
FBgn0037344,FP
FBgn0037359,FP
FBgn0037364,FP
FBgn0037369,FP
FBgn0037371,FP
FBgn0037376,FP
FBgn0037382,FP
FBgn0037384,FP
FBgn0037385,FP
FBgn0037436,FP
FBgn0037446,FP
FBgn0037463,FP
FBgn0037470,FP
FBgn0037481,FP
FBgn0037489,FP
FBgn0037504,FP
FBgn0037513,FP
FBgn0037526,FP
FBgn0037529,FP
FBgn0037531,FP
FBgn0037544,FP
FBgn0037551,FP
FBgn0037555,FP
FBgn0037573,FP
FBgn0037578,FP
FBgn0037584,FP
FBgn0037617,FP
FBgn0037618,FP
FBgn0037619,FP
FBgn0037621,FP
FBgn0037624,FP
FBgn0037643,FP
FBgn0037644,FP
FBgn0037646,FP
FBgn0037657,FP
FBgn0037659,FP
FBgn0037660,FP
FBgn0037669,FP
FBgn0037670,FP
FBgn0037672,FP
FBgn0037675,FP
FBgn0037679,FP
FBgn0037696,FP
FBgn0037697,FP
FBgn0037703,FP
FBgn0037705,FP
FBgn0037719,FP
FBgn0037722,FP
FBgn0037728,FP
FBgn0037734,FP
FBgn0037742,FP
FBgn0037746,FP
FBgn0037750,FP
FBgn0037760,FP
FBgn0037770,FP
FBgn0037778,FP
FBgn0037780,FP
FBgn0037794,FP
FBgn0037802,FP
FBgn0037810,FP
FBgn0037815,FP
FBgn0037818,FP
FBgn0037841,FP
FBgn0037862,FP
FBgn0037876,FP
FBgn0037877,FP
FBgn0037880,FP
FBgn0037883,FP
FBgn0037891,FP
FBgn0037901,FP
FBgn0037912,FP
FBgn0037917,FP
FBgn0037918,FP
FBgn0037920,FP
FBgn0037921,FP
FBgn0037922,FP
FBgn0037923,FP
FBgn0037926,FP
FBgn0037931,FP
FBgn0037937,FP
FBgn0037981,FP
FBgn0037987,FP
FBgn0038016,FP
FBgn0038020,FP
FBgn0038029,FP
FBgn0038043,FP
FBgn0038046,FP
FBgn0038047,FP
FBgn0038055,FP
FBgn0038110,FP
FBgn0038167,FP
FBgn0038168,FP
FBgn0038179,FP
FBgn0038188,FP
FBgn0038189,FP
FBgn0038197,FP
FBgn0038233,FP
FBgn0038244,FP
FBgn0038251,FP
FBgn0038269,FP
FBgn0038271,FP
FBgn0038272,FP
FBgn0038300,FP
FBgn0038301,FP
FBgn0038320,FP
FBgn0038327,FP
FBgn0038345,FP
FBgn0038363,FP
FBgn0038391,FP
FBgn0038396,FP
FBgn0038428,FP
FBgn0038475,FP
FBgn0038519,FP
FBgn0038532,FP
FBgn0038547,FP
FBgn0038548,FP
FBgn0038549,FP
FBgn0038550,FP
FBgn0038551,FP
FBgn0038570,FP
FBgn0038576,FP
FBgn0038578,FP
FBgn0038584,FP
FBgn0038590,FP
FBgn0038603,FP
FBgn0038606,FP
FBgn0038608,FP
FBgn0038626,FP
FBgn0038655,FP
FBgn0038662,FP
FBgn0038666,FP
FBgn0038678,FP
FBgn0038686,FP
FBgn0038745,FP
FBgn0038747,FP
FBgn0038765,FP
FBgn0038766,FP
FBgn0038767,FP
FBgn0038768,FP
FBgn0038772,FP
FBgn0038787,FP
FBgn0038788,FP
FBgn0038795,FP
FBgn0038797,FP
FBgn0038805,FP
FBgn0038816,FP
FBgn0038826,FP
FBgn0038827,FP
FBgn0038852,FP
FBgn0038853,FP
FBgn0038872,FP
FBgn0038889,FP
FBgn0038912,FP
FBgn0038916,FP
FBgn0038925,FP
FBgn0038928,FP
FBgn0038934,FP
FBgn0038948,FP
FBgn0038978,FP
FBgn0038979,FP
FBgn0039013,FP
FBgn0039015,FP
FBgn0039016,FP
FBgn0039019,FP
FBgn0039039,FP
FBgn0039044,FP
FBgn0039049,FP
FBgn0039050,FP
FBgn0039051,FP
FBgn0039052,FP
FBgn0039053,FP
FBgn0039066,FP
FBgn0039067,FP
FBgn0039071,FP
FBgn0039078,FP
FBgn0039111,FP
FBgn0039115,FP
FBgn0039117,FP
FBgn0039120,FP
FBgn0039139,FP
FBgn0039141,FP
FBgn0039153,FP
FBgn0039169,FP
FBgn0039175,FP
FBgn0039182,FP
FBgn0039183,FP
FBgn0039209,FP
FBgn0039213,FP
FBgn0039214,FP
FBgn0039223,FP
FBgn0039229,FP
FBgn0039250,FP
FBgn0039254,FP
FBgn0039261,FP
FBgn0039269,FP
FBgn0039270,FP
FBgn0039283,FP
FBgn0039286,FP
FBgn0039306,FP
FBgn0039329,FP
FBgn0039337,FP
FBgn0039338,FP
FBgn0039343,FP
FBgn0039349,FP
FBgn0039350,FP
FBgn0039355,FP
FBgn0039358,FP
FBgn0039385,FP
FBgn0039411,FP
FBgn0039421,FP
FBgn0039459,FP
FBgn0039463,FP
FBgn0039466,FP
FBgn0039507,FP
FBgn0039561,FP
FBgn0039566,FP
FBgn0039581,FP
FBgn0039588,FP
FBgn0039600,FP
FBgn0039602,FP
FBgn0039620,FP
FBgn0039631,FP
FBgn0039635,FP
FBgn0039674,FP
FBgn0039680,FP
FBgn0039691,FP
FBgn0039697,FP
FBgn0039702,FP
FBgn0039707,FP
FBgn0039710,FP
FBgn0039735,FP
FBgn0039737,FP
FBgn0039757,FP
FBgn0039767,FP
FBgn0039788,FP
FBgn0039802,FP
FBgn0039808,FP
FBgn0039831,FP
FBgn0039846,FP
FBgn0039854,FP
FBgn0039856,FP
FBgn0039860,FP
FBgn0039861,FP
FBgn0039868,FP
FBgn0039904,FP
FBgn0039907,FP
FBgn0039908,FP
FBgn0039909,FP
FBgn0039920,FP
FBgn0039972,FP
FBgn0039977,FP
FBgn0039993,FP
FBgn0040020,FP
FBgn0040056,FP
FBgn0040064,FP
FBgn0040066,FP
FBgn0040070,FP
FBgn0040075,FP
FBgn0040076,FP
FBgn0040077,FP
FBgn0040078,FP
FBgn0040227,FP
FBgn0040235,FP
FBgn0040268,FP
FBgn0040283,FP
FBgn0040290,FP
FBgn0040291,FP
FBgn0040305,FP
FBgn0040318,FP
FBgn0040319,FP
FBgn0040339,FP
FBgn0040366,FP
FBgn0040372,FP
FBgn0040465,FP
FBgn0040467,FP
FBgn0040529,FP
FBgn0040670,FP
FBgn0040751,FP
FBgn0040754,FP
FBgn0040773,FP
FBgn0040907,FP
FBgn0040918,FP
FBgn0041092,FP
FBgn0041094,FP
FBgn0041096,FP
FBgn0041100,FP
FBgn0041102,FP
FBgn0041111,FP
FBgn0041147,FP
FBgn0041164,FP
FBgn0041186,FP
FBgn0041188,FP
FBgn0041205,FP
FBgn0041210,FP
FBgn0041252,FP
FBgn0041342,FP
FBgn0041582,FP
FBgn0041588,FP
FBgn0041781,FP
FBgn0042094,FP
FBgn0042112,FP
FBgn0042129,FP
FBgn0042134,FP
FBgn0042138,FP
FBgn0042185,FP
FBgn0042205,FP
FBgn0042206,FP
FBgn0042712,FP
FBgn0043010,FP
FBgn0043362,FP
FBgn0043364,FP
FBgn0043796,FP
FBgn0043884,FP
FBgn0043900,FP
FBgn0044020,FP
FBgn0044056,FP
FBgn0044323,FP
FBgn0044324,FP
FBgn0044415,FP
FBgn0044826,FP
FBgn0045035,FP
FBgn0045759,FP
FBgn0045842,FP
FBgn0045852,FP
FBgn0045862,FP
FBgn0046214,FP
FBgn0046332,FP
FBgn0046689,FP
FBgn0046692,FP
FBgn0046698,FP
FBgn0046706,FP
FBgn0050000,FP
FBgn0050005,FP
FBgn0050020,FP
FBgn0050022,FP
FBgn0050085,FP
FBgn0050093,FP
FBgn0050169,FP
FBgn0050356,FP
FBgn0050372,FP
FBgn0050390,FP
FBgn0050401,FP
FBgn0050404,FP
FBgn0050431,FP
FBgn0050467,FP
FBgn0050476,FP
FBgn0051008,FP
FBgn0051072,FP
FBgn0051075,FP
FBgn0051109,FP
FBgn0051111,FP
FBgn0051133,FP
FBgn0051140,FP
FBgn0051159,FP
FBgn0051224,FP
FBgn0051281,FP
FBgn0051320,FP
FBgn0051363,FP
FBgn0051365,FP
FBgn0051388,FP
FBgn0051441,FP
FBgn0051457,FP
FBgn0051469,FP
FBgn0051481,FP
FBgn0051612,FP
FBgn0051632,FP
FBgn0051703,FP
FBgn0051716,FP
FBgn0051739,FP
FBgn0051807,FP
FBgn0051865,FP
FBgn0051866,FP
FBgn0051935,FP
FBgn0051989,FP
FBgn0051992,FP
FBgn0052016,FP
FBgn0052062,FP
FBgn0052104,FP
FBgn0052121,FP
FBgn0052251,FP
FBgn0052264,FP
FBgn0052296,FP
FBgn0052364,FP
FBgn0052392,FP
FBgn0052438,FP
FBgn0052484,FP
FBgn0052649,FP
FBgn0052676,FP
FBgn0052685,FP
FBgn0052703,FP
FBgn0052732,FP
FBgn0052819,FP
FBgn0052820,FP
FBgn0052856,FP
FBgn0053002,FP
FBgn0053113,FP
FBgn0053156,FP
FBgn0053172,FP
FBgn0053178,FP
FBgn0053180,FP
FBgn0053182,FP
FBgn0053213,FP
FBgn0053236,FP
FBgn0053237,FP
FBgn0053238,FP
FBgn0053239,FP
FBgn0053240,FP
FBgn0053241,FP
FBgn0053242,FP
FBgn0053243,FP
FBgn0053244,FP
FBgn0053245,FP
FBgn0053246,FP
FBgn0053247,FP
FBgn0053276,FP
FBgn0053503,FP
FBgn0053552,FP
FBgn0053554,FP
FBgn0053557,FP
FBgn0061200,FP
FBgn0061469,FP
FBgn0061476,FP
FBgn0063491,FP
FBgn0063492,FP
FBgn0063493,FP
FBgn0063494,FP
FBgn0063495,FP
FBgn0063496,FP
FBgn0063497,FP
FBgn0063498,FP
FBgn0063499,FP
FBgn0066084,FP
FBgn0066304,FP
FBgn0067779,FP
FBgn0069354,FP
FBgn0082598,FP
FBgn0083968,FP
FBgn0083976,FP
FBgn0083981,FP
FBgn0085212,FP
FBgn0085220,FP
FBgn0085326,FP
FBgn0085383,FP
FBgn0085424,FP
FBgn0085432,FP
FBgn0085433,FP
FBgn0085450,FP
FBgn0085451,FP
FBgn0085453,FP
FBgn0085484,FP
FBgn0085485,FP
FBgn0086130,FP
FBgn0086251,FP
FBgn0086348,FP
FBgn0086356,FP
FBgn0086359,FP
FBgn0086362,FP
FBgn0086367,FP
FBgn0086370,FP
FBgn0086371,FP
FBgn0086442,FP
FBgn0086443,FP
FBgn0086613,FP
FBgn0086655,FP
FBgn0086657,FP
FBgn0086675,FP
FBgn0086679,FP
FBgn0086680,FP
FBgn0086694,FP
FBgn0086695,FP
FBgn0086706,FP
FBgn0086712,FP
FBgn0086757,FP
FBgn0086758,FP
FBgn0086785,FP
FBgn0086895,FP
FBgn0086898,FP
FBgn0086907,FP
FBgn0086908,FP
FBgn0086912,FP
FBgn0086915,FP
FBgn0087007,FP
FBgn0087008,FP
FBgn0087035,FP
FBgn0243511,FP
FBgn0243516,FP
FBgn0250732,FP
FBgn0250753,FP
FBgn0250791,FP
FBgn0250814,FP
FBgn0250816,FP
FBgn0250843,FP
FBgn0250846,FP
FBgn0250850,FP
FBgn0250874,FP
FBgn0259113,FP
FBgn0259162,FP
FBgn0259173,FP
FBgn0259209,FP
FBgn0259211,FP
FBgn0259243,FP
FBgn0259722,FP
FBgn0259729,FP
FBgn0259785,FP
FBgn0259791,FP
FBgn0259794,FP
FBgn0259876,FP
FBgn0259922,FP
FBgn0259935,FP
FBgn0259938,FP
FBgn0260001,FP
FBgn0260003,FP
FBgn0260012,FP
FBgn0260223,FP
FBgn0260397,FP
FBgn0260399,FP
FBgn0260400,FP
FBgn0260450,FP
FBgn0260484,FP
FBgn0260632,FP
FBgn0260635,FP
FBgn0260639,FP
FBgn0260642,FP
FBgn0260648,FP
FBgn0260741,FP
FBgn0260744,FP
FBgn0260749,FP
FBgn0260779,FP
FBgn0260780,FP
FBgn0260794,FP
FBgn0260799,FP
FBgn0260817,FP
FBgn0260859,FP
FBgn0260932,FP
FBgn0260936,FP
FBgn0260938,FP
FBgn0260943,FP
FBgn0260944,FP
FBgn0260959,FP
FBgn0260962,FP
FBgn0260985,FP
FBgn0260987,FP
FBgn0261015,FP
FBgn0261109,FP
FBgn0261111,FP
FBgn0261113,FP
FBgn0261238,FP
FBgn0261239,FP
FBgn0261244,FP
FBgn0261266,FP
FBgn0261268,FP
FBgn0261276,FP
FBgn0261278,FP
FBgn0261279,FP
FBgn0261283,FP
FBgn0261353,FP
FBgn0261363,FP
FBgn0261381,FP
FBgn0261383,FP
FBgn0261385,FP
FBgn0261394,FP
FBgn0261434,FP
FBgn0261439,FP
FBgn0261458,FP
FBgn0261524,FP
FBgn0261552,FP
FBgn0261565,FP
FBgn0261573,FP
FBgn0261602,FP
FBgn0261617,FP
FBgn0261618,FP
FBgn0261625,FP
FBgn0261647,FP
FBgn0261648,FP
FBgn0261703,FP
FBgn0261705,FP
FBgn0261714,FP
FBgn0261787,FP
FBgn0261790,FP
FBgn0261791,FP
FBgn0261792,FP
FBgn0261793,FP
FBgn0261797,FP
FBgn0261808,FP
FBgn0261823,FP
FBgn0261836,FP
FBgn0261850,FP
FBgn0261885,FP
FBgn0261930,FP
FBgn0261933,FP
FBgn0261938,FP
FBgn0261953,FP
FBgn0261954,FP
FBgn0261955,FP
FBgn0261963,FP
FBgn0261976,FP
FBgn0261983,FP
FBgn0261985,FP
FBgn0262017,FP
FBgn0262114,FP
FBgn0262117,FP
FBgn0262123,FP
FBgn0262127,FP
FBgn0262139,FP
FBgn0262160,FP
FBgn0262166,FP
FBgn0262467,FP
FBgn0262519,FP
FBgn0262527,FP
FBgn0262559,FP
FBgn0262560,FP
FBgn0262582,FP
FBgn0262601,FP
FBgn0262617,FP
FBgn0262619,FP
FBgn0262656,FP
FBgn0262699,FP
FBgn0262732,FP
FBgn0262737,FP
FBgn0262739,FP
FBgn0262740,FP
FBgn0262743,FP
FBgn0262872,FP
FBgn0262975,FP
FBgn0263025,FP
FBgn0263051,FP
FBgn0263084,FP
FBgn0263102,FP
FBgn0263118,FP
FBgn0263120,FP
FBgn0263133,FP
FBgn0263143,FP
FBgn0263144,FP
FBgn0263198,FP
FBgn0263199,FP
FBgn0263220,FP
FBgn0263231,FP
FBgn0263237,FP
FBgn0263239,FP
FBgn0263240,FP
FBgn0263392,FP
FBgn0263396,FP
FBgn0263456,FP
FBgn0263490,FP
FBgn0263510,FP
FBgn0263511,FP
FBgn0263593,FP
FBgn0263594,FP
FBgn0263599,FP
FBgn0263600,FP
FBgn0263601,FP
FBgn0263606,FP
FBgn0263738,FP
FBgn0263772,FP
FBgn0263831,FP
FBgn0263832,FP
FBgn0263855,FP
FBgn0263911,FP
FBgn0263933,FP
FBgn0263968,FP
FBgn0263974,FP
FBgn0263977,FP
FBgn0263979,FP
FBgn0263995,FP
FBgn0264075,FP
FBgn0264087,FP
FBgn0264270,FP
FBgn0264291,FP
FBgn0264307,FP
FBgn0264326,FP
FBgn0264357,FP
FBgn0264442,FP
FBgn0264490,FP
FBgn0264491,FP
FBgn0264492,FP
FBgn0264493,FP
FBgn0264495,FP
FBgn0264562,FP
FBgn0264598,FP
FBgn0264607,FP
FBgn0264691,FP
FBgn0264694,FP
FBgn0264744,FP
FBgn0264848,FP
FBgn0264922,FP
FBgn0265089,FP
FBgn0265189,FP
FBgn0265193,FP
FBgn0265297,FP
FBgn0265298,FP
FBgn0265464,FP
FBgn0265487,FP
FBgn0265597,FP
FBgn0265598,FP
FBgn0265623,FP
FBgn0265630,FP
FBgn0265726,FP
FBgn0265784,FP
FBgn0265959,FP
FBgn0265968,FP
FBgn0265998,FP
FBgn0266019,FP
FBgn0266053,FP
FBgn0266064,FP
FBgn0266083,FP
FBgn0266084,FP
FBgn0266098,FP
FBgn0266282,FP
FBgn0266284,FP
FBgn0266411,FP
FBgn0266421,FP
FBgn0266441,FP
FBgn0266450,FP
FBgn0266452,FP
FBgn0266464,FP
FBgn0266518,FP
FBgn0266557,FP
FBgn0266568,FP
FBgn0266570,FP
FBgn0266580,FP
FBgn0266582,FP
FBgn0266599,FP
FBgn0266671,FP
FBgn0266709,FP
FBgn0266721,FP
FBgn0266917,FP
FBgn0267033,FP
FBgn0267252,FP
FBgn0267337,FP
FBgn0267339,FP
FBgn0267351,FP
FBgn0267390,FP
FBgn0267398,FP
FBgn0267487,FP
FBgn0267698,FP
FBgn0267790,FP
FBgn0267791,FP
FBgn0267792,FP
FBgn0267821,FP
FBgn0267978,FP
FBgn0270924,FP
FBgn0275436,FP
FBgn0278608,FP
FBgn0283442,FP
FBgn0283451,FP
FBgn0283467,FP
FBgn0283473,FP
FBgn0283477,FP
FBgn0283494,FP
FBgn0283521,FP
FBgn0283649,FP
FBgn0283657,FP
FBgn0283658,FP
FBgn0283680,FP
FBgn0283712,FP
FBgn0283724,FP
FBgn0284220,FP
FBgn0284243,FP
FBgn0284248,FP
FBgn0284249,FP
FBgn0284252,FP
FBgn0284253,FP
FBgn0284256,FP
FBgn0285917,FP
FBgn0285926,FP
FBgn0285937,FP
FBgn0285947,FP
FBgn0285951,FP
FBgn0285952,FP
FBgn0285954,FP
FBgn0285971,FP
FBgn0286027,FP
FBgn0286051,FP
FBgn0286198,FP
FBgn0286204,FP
FBgn0286222,FP
FBgn0286567,FP
FBgn0286781,FP
FBgn0286783,FP
FBgn0286785,FP
FBgn0286788,FP
FBgn0286813,FP
FBgn0286818,FP
FBgn0287186,FP
FBgn0287225,FP
FBgn0287478,FP
FBgn0287696,FP
FBgn0287720,FP
FBgn0287725,FP
FBgn0287767,FP
FBgn0287768,FP
FBgn0287831,FP
FBgn0288686,FP
