FBgn,Head F,Eye M,Eye F,Brain M,Brain F,Ganglion M,Ganglion F,Crop M,Crop F,Midgut M,Midgut F,Hindgut M,Hindgut F,Tubule M,Tubule F,RectalPad M,RectalPad F,Fat Body M,Fat Body F,Heart M,Heart F,Salivary M,Salivary F,Ovary,V Sp.,M Sp.,Testis,Accessory Gland,Whole L,CNS L
FBgn0000071,0.26,0.04,0.12,0.42,0.56,1.42,0.98,0.08,0.55,0.05,0.02,0.07,0.05,0.04,0.04,0.01,0.42,0.0,0.0,0.03,0.14,0.02,0.02,0.0,0.0,0.43,0.23,0.0,36.4,41.77
FBgn0000463,1.56,0.72,0.68,0.34,0.32,0.3,0.48,0.78,1.08,1.59,1.11,3.98,3.12,0.11,0.34,3.34,3.4,0.05,0.65,0.25,1.74,0.4,2.31,10.63,2.99,3.17,0.93,0.02,2.67,8.09
FBgn0000464,18.99,14.69,9.38,30.38,26.08,18.88,20.93,3.04,2.3,3.55,1.44,2.17,2.15,3.06,2.62,1.86,1.85,2.41,2.41,2.65,4.09,3.41,2.64,5.29,2.91,3.44,2.73,1.66,1.59,11.41
FBgn0000547,9.09,13.02,8.98,8.41,7.4,4.69,5.52,22.86,17.34,2.49,0.97,7.41,6.65,4.89,5.26,4.3,5.45,3.09,2.88,5.95,7.82,8.85,8.2,12.88,5.14,5.96,3.88,12.33,4.95,15.97
FBgn0000633,5.98,5.54,3.54,12.86,11.08,9.8,10.8,3.05,2.78,0.34,0.14,0.02,0.02,0.07,0.09,0.03,0.09,0.12,0.19,1.05,1.12,0.47,0.22,0.03,0.41,0.44,0.93,0.09,0.29,9.06
FBgn0000635,17.67,24.48,17.3,18.22,18.79,33.19,38.99,11.16,8.8,10.21,6.18,7.91,9.09,131.33,124.39,9.01,8.82,3.98,3.33,8.37,5.4,7.42,6.03,3.06,9.59,11.72,6.74,7.1,8.69,27.7
FBgn0000636,11.19,17.26,14.09,6.59,6.25,4.24,5.02,18.23,16.92,9.32,6.53,17.76,20.59,7.4,8.46,22.7,24.48,1.06,2.06,2.23,3.05,8.43,7.87,4.77,11.93,13.76,16.6,12.9,15.43,20.04
FBgn0001075,0.55,0.98,0.61,0.07,0.05,0.23,0.2,0.28,0.31,0.21,0.08,0.07,0.09,0.63,0.56,0.06,0.2,0.07,0.07,0.24,0.18,0.36,0.24,0.01,0.15,0.39,0.96,0.36,1.09,6.01
FBgn0001189,4.79,5.08,7.46,1.82,2.06,3.24,3.57,8.5,8.34,14.63,10.37,3.52,4.47,8.63,9.7,3.83,4.02,6.24,6.15,14.17,15.04,9.21,7.2,3.81,5.49,7.37,4.06,15.82,6.83,3.69
FBgn0001257,17.14,6.42,4.17,4.34,3.64,16.2,15.59,2.65,2.4,1.46,3.02,2.47,4.44,6.93,6.76,6.89,11.86,81.56,64.83,129.7,133.75,4.13,2.13,10.51,18.45,15.5,4.51,0.52,12.91,8.05
FBgn0002306,4.78,4.94,3.88,0.16,0.16,0.38,0.36,6.58,5.47,0.2,0.12,4.03,4.66,0.21,0.34,11.64,5.4,0.6,0.4,0.76,0.58,1.16,0.46,0.09,4.95,5.64,2.78,3.13,3.11,2.75
FBgn0002526,6.78,1.97,4.08,1.45,2.6,8.57,9.66,8.21,9.9,5.18,2.22,3.7,4.18,3.38,2.77,3.17,4.08,2.46,4.71,11.23,23.15,3.61,3.3,7.99,5.6,6.69,5.72,5.83,13.21,10.8
FBgn0002543,1.62,0.32,0.4,2.39,2.03,1.31,1.34,0.38,0.52,1.57,0.9,0.45,0.52,0.65,0.89,0.61,1.14,1.19,1.75,1.93,2.69,0.24,0.08,0.11,0.85,1.88,0.66,0.57,1.45,7.49
FBgn0003137,51.69,15.41,37.04,3.14,15.17,13.79,19.86,11.57,8.97,3.6,3.3,1.69,3.47,4.73,1.68,6.72,10.85,11.55,21.65,64.31,169.24,28.28,21.86,1.62,24.0,22.57,8.96,2.12,5.14,8.45
FBgn0003174,0.48,1.41,0.88,0.05,0.05,0.08,0.09,0.06,0.08,0.01,0.01,0.03,0.03,0.01,0.02,0.05,0.08,0.01,0.05,0.06,0.48,0.47,0.45,0.28,0.06,0.21,0.45,0.02,0.66,1.09
FBgn0003255,0.58,0.1,0.15,0.85,0.86,1.38,1.7,0.26,0.18,0.06,0.01,0.03,0.05,0.01,0.03,0.02,0.04,0.11,0.09,0.07,0.15,0.1,0.06,0.06,11.33,11.9,0.17,0.02,0.61,0.34
FBgn0003285,2.14,5.94,3.59,1.94,2.07,2.39,3.06,0.28,0.24,0.1,0.07,1.98,1.55,0.66,0.24,0.71,0.63,0.29,0.32,0.62,0.44,3.09,1.1,1.25,1.32,1.65,0.15,0.15,1.6,7.85
FBgn0003366,8.21,4.93,3.48,6.44,6.81,14.34,11.59,15.26,9.0,0.27,0.01,0.17,0.21,0.13,0.06,2.59,1.36,20.03,12.27,33.4,17.15,2.43,0.66,0.83,0.67,0.82,3.74,1.22,1.34,3.26
FBgn0003390,7.51,7.22,7.71,0.74,0.91,2.2,1.66,68.79,81.52,7.66,3.66,5.33,6.45,0.59,0.7,24.16,18.19,28.12,11.46,17.48,4.32,3.01,0.83,0.14,5.56,6.73,2.74,1.27,2.92,2.58
FBgn0003719,0.46,0.44,0.49,0.72,0.56,0.42,0.64,0.08,0.1,0.0,0.0,0.01,0.06,0.0,0.02,0.02,0.06,0.5,0.67,0.64,0.9,0.11,0.06,0.04,0.41,0.55,0.07,0.01,0.84,3.1
FBgn0003733,0.02,0.02,0.12,0.09,0.05,0.04,0.32,0.07,0.66,0.01,0.06,0.09,0.11,0.04,0.31,0.02,0.34,4.27,3.04,8.51,7.29,0.31,3.76,13.54,0.22,0.06,0.55,0.09,0.08,0.25
FBgn0003984,1.69,5.4,3.72,0.47,0.4,1.47,1.58,3.53,2.88,0.77,0.42,0.65,0.39,2.88,2.71,1.19,1.19,0.38,0.31,2.04,2.26,0.41,0.18,0.15,0.58,0.7,0.79,0.24,0.44,0.96
FBgn0004197,0.44,0.34,0.34,0.05,0.12,0.26,0.25,0.34,0.2,0.25,0.01,8.72,11.55,0.1,0.18,0.74,1.31,0.16,0.08,0.41,0.85,0.55,0.25,0.01,0.14,0.15,2.15,0.06,1.74,2.55
FBgn0004368,6.69,9.43,7.34,5.45,5.45,4.73,4.94,5.72,4.17,1.86,1.28,20.26,21.92,1.38,1.91,7.56,17.2,3.17,3.77,4.94,7.44,6.31,4.88,8.76,5.87,8.49,4.86,1.69,2.06,2.8
FBgn0004369,10.45,7.78,6.31,11.17,9.83,10.19,10.85,4.89,3.9,3.52,1.87,3.31,3.23,4.07,4.27,4.29,2.93,3.75,3.54,4.97,5.63,4.11,3.11,2.74,9.1,9.82,1.6,4.42,1.4,7.4
FBgn0004370,7.52,10.21,7.29,6.75,5.43,6.54,6.73,18.0,13.34,1.46,0.45,9.92,10.7,5.3,3.72,7.52,6.89,1.95,3.57,3.11,5.41,3.14,3.19,9.38,12.4,16.37,9.81,4.11,3.88,7.8
FBgn0004449,17.79,8.46,8.82,24.05,20.97,21.41,24.67,4.28,4.08,2.71,1.54,1.74,2.11,1.95,1.57,2.68,3.58,8.32,8.74,17.86,29.17,5.59,3.52,2.02,8.43,10.04,7.6,1.56,2.62,17.58
FBgn0004569,3.25,9.06,6.97,0.66,0.72,1.36,1.34,3.26,2.17,0.59,0.41,0.73,0.83,0.24,0.67,3.62,5.23,0.26,0.69,0.8,0.96,2.23,1.12,1.36,1.23,1.01,0.58,0.17,0.82,4.09
FBgn0004647,6.54,6.91,5.8,4.48,6.07,7.22,8.84,2.9,2.55,1.25,0.78,1.02,1.32,0.33,0.55,1.26,1.7,0.56,1.68,1.75,10.57,1.31,3.03,18.79,2.54,4.22,1.52,0.21,2.83,18.81
FBgn0004649,0.13,0.14,0.7,0.45,0.37,0.04,2.87,0.16,4.95,0.01,0.07,0.74,1.09,0.08,2.32,0.17,2.34,0.0,11.06,0.01,53.39,2.74,35.39,140.95,1.51,1.02,0.96,0.01,0.02,0.02
FBgn0004657,14.78,12.57,10.64,8.47,8.5,8.8,10.11,30.58,30.46,33.91,33.81,16.88,16.91,17.17,23.0,14.0,17.6,11.69,13.29,17.78,20.62,12.38,10.71,13.65,19.34,23.39,13.85,16.08,21.4,12.14
FBgn0004839,1.01,0.3,0.25,2.06,1.87,1.45,1.54,0.43,0.56,1.22,0.45,3.88,4.2,1.16,1.65,1.53,0.99,1.16,0.83,2.12,1.3,0.16,0.07,0.08,0.05,0.34,0.91,0.45,1.64,20.99
FBgn0004885,19.21,18.95,21.15,17.82,16.35,9.49,10.4,1.27,0.8,0.14,0.03,0.3,1.59,0.3,0.48,0.5,0.74,21.76,28.4,24.28,32.52,2.64,1.02,0.39,10.25,13.72,4.38,0.15,5.36,8.93
FBgn0005631,5.01,3.83,2.7,8.68,7.45,4.94,5.53,1.87,1.88,2.75,1.48,1.8,1.95,2.31,1.85,1.24,0.91,0.98,0.77,2.48,2.92,1.48,0.72,0.39,1.9,2.57,5.31,1.43,1.45,8.58
FBgn0005775,10.56,3.91,3.13,28.95,25.25,14.35,15.71,0.24,0.44,0.01,0.0,0.2,0.15,0.03,0.05,0.06,0.15,0.05,0.05,0.05,0.09,0.32,0.22,0.04,0.02,0.25,0.13,0.03,0.35,12.47
FBgn0010238,18.55,21.95,18.56,3.83,3.65,4.77,5.14,40.81,42.72,1.2,0.56,31.78,32.25,0.8,1.42,24.09,27.48,3.72,2.55,5.7,7.78,33.98,19.88,14.75,19.56,21.11,22.15,17.23,12.31,28.34
FBgn0010389,5.48,4.72,4.05,5.86,6.0,9.61,10.19,27.27,20.88,4.64,1.13,3.97,2.84,0.43,0.48,6.38,5.67,0.84,1.45,2.41,2.22,4.41,3.94,1.08,2.64,2.84,3.3,1.62,0.89,3.32
FBgn0010395,0.61,0.22,0.2,0.5,0.44,0.62,0.67,0.9,0.8,45.89,30.53,5.63,5.85,35.79,31.14,2.17,1.71,2.42,0.65,3.39,2.09,3.5,2.12,0.47,2.3,2.96,0.68,20.98,9.82,0.36
FBgn0010452,4.94,7.97,5.12,6.95,6.34,3.72,4.43,5.63,2.47,2.34,0.67,6.44,9.69,0.58,0.82,1.09,0.76,0.03,0.03,0.16,0.2,1.83,0.57,0.46,0.91,1.05,1.77,0.8,3.25,22.93
FBgn0010473,18.65,7.8,5.62,26.12,21.79,28.11,29.7,0.4,0.48,0.32,0.14,0.03,0.04,0.1,0.07,0.09,0.2,0.25,0.16,0.45,0.44,0.96,0.36,0.72,0.11,0.25,0.38,0.21,0.77,12.17
FBgn0011260,9.51,4.17,5.17,15.94,15.23,13.49,14.91,3.27,3.5,3.59,2.98,1.59,1.79,1.41,1.09,1.32,2.38,2.24,3.86,13.05,21.1,2.92,5.98,17.91,2.47,3.39,5.95,1.64,9.73,35.38
FBgn0011592,3.52,3.23,2.58,8.16,7.36,4.29,5.12,5.95,2.5,12.77,9.5,4.34,4.26,0.58,0.59,3.15,2.99,0.77,0.76,1.15,1.67,0.56,0.96,4.37,3.07,3.31,8.23,1.05,3.79,17.33
FBgn0011828,14.49,6.67,9.13,17.35,15.32,13.67,14.94,26.33,22.73,0.69,0.21,1.66,1.52,0.72,0.37,3.28,4.54,2.08,2.96,15.47,26.29,5.75,3.95,0.69,6.73,8.62,3.56,3.48,10.13,6.55
FBgn0013272,70.16,126.21,114.12,6.57,8.63,14.61,18.35,277.07,157.68,293.36,182.1,364.98,424.64,248.3,253.92,316.64,336.08,91.57,138.77,155.66,145.02,272.43,139.62,19.1,142.18,162.87,39.88,21.16,79.48,25.66
FBgn0013433,2.85,0.48,0.44,9.21,7.97,14.92,14.59,0.09,0.16,0.02,0.0,0.0,0.02,0.0,0.0,0.03,0.04,0.02,0.05,0.02,0.02,0.3,0.12,0.0,0.0,0.02,0.31,0.01,0.31,4.75
FBgn0013997,13.85,18.18,13.19,12.81,10.96,23.71,23.26,22.3,16.46,4.59,2.49,12.97,13.32,3.63,4.28,9.86,11.59,5.42,5.02,6.76,8.7,26.31,20.59,8.21,15.34,16.83,27.05,12.66,8.72,32.25
FBgn0014007,4.95,6.57,5.03,10.71,9.82,7.72,8.35,6.43,5.01,5.49,3.59,3.82,4.1,5.08,4.76,3.93,4.8,3.73,5.24,6.64,8.23,4.32,6.23,13.04,5.15,5.44,9.37,4.47,5.26,19.51
FBgn0015399,6.01,4.04,2.97,17.38,15.79,6.66,7.41,0.16,0.22,0.06,0.02,0.05,0.07,0.06,0.05,0.08,0.26,0.14,0.42,0.25,0.35,0.3,0.42,2.03,2.32,2.5,2.29,2.62,2.05,8.47
FBgn0015400,5.38,2.9,1.91,13.52,11.47,8.59,9.36,0.11,0.09,0.07,0.05,0.02,0.02,0.01,0.02,0.01,0.02,0.0,0.02,0.09,0.16,0.26,0.12,0.02,0.09,0.11,0.15,0.07,0.14,5.31
FBgn0015609,12.91,11.04,6.98,22.21,19.28,12.07,13.59,0.57,0.57,0.29,0.07,0.09,0.09,0.07,0.06,0.15,0.24,0.29,0.26,0.49,0.54,0.45,0.22,0.68,0.31,0.62,2.21,3.42,0.74,23.48
FBgn0015770,0.04,0.05,0.0,0.02,0.02,0.11,0.01,0.26,0.0,0.0,0.0,0.01,0.0,0.6,0.04,0.02,0.66,4.81,0.0,0.86,0.0,0.32,0.0,0.01,0.0,0.0,101.99,0.29,0.67,0.0
FBgn0015773,1.43,2.98,2.06,0.81,0.74,0.44,0.49,2.14,2.73,12.38,8.19,1.55,1.48,0.46,0.71,0.38,0.98,1.61,2.54,11.59,11.23,0.64,0.26,0.05,0.09,0.2,1.98,1.58,0.96,2.65
FBgn0015774,8.99,5.62,3.73,17.14,16.78,11.29,15.12,1.02,0.57,1.62,0.93,0.98,0.8,0.43,0.45,2.69,2.99,0.86,0.5,1.49,1.07,0.68,0.29,0.29,4.49,5.18,1.0,1.16,1.25,16.3
FBgn0016061,4.86,2.15,1.66,12.91,11.25,8.32,9.69,0.99,1.48,0.08,0.08,0.14,0.18,0.02,0.02,0.48,0.72,0.63,0.46,1.75,1.86,0.34,0.15,0.02,0.66,1.06,0.34,0.23,0.18,3.17
FBgn0016650,5.1,8.41,4.63,2.94,3.09,1.1,1.29,1.23,0.89,0.43,0.24,89.27,107.97,4.52,4.55,11.01,16.36,0.31,0.0,0.45,0.15,30.38,16.54,0.09,1.1,0.75,6.99,0.4,1.31,0.06
FBgn0017590,8.3,5.06,3.21,23.65,19.91,14.68,15.96,0.15,0.16,0.1,0.03,0.06,0.05,0.02,0.04,0.02,0.15,0.16,0.04,0.04,0.04,0.39,0.17,0.01,0.05,0.37,0.09,0.01,0.56,10.59
FBgn0021742,0.11,0.08,0.06,0.16,0.12,0.04,0.08,0.12,0.08,0.0,0.0,0.03,0.03,0.0,0.0,0.04,0.03,0.0,0.0,0.02,0.02,0.03,0.0,0.0,0.02,0.0,0.01,0.0,0.02,0.05
FBgn0021764,5.23,8.66,6.27,4.17,4.0,3.44,3.91,4.62,4.78,3.82,1.77,2.56,3.06,1.99,1.87,3.35,3.68,3.54,4.73,4.73,9.95,3.58,4.65,13.61,5.61,6.33,5.22,5.53,3.6,11.21
FBgn0023095,17.61,19.76,16.38,16.62,14.42,19.57,17.84,40.17,25.19,31.18,18.41,30.15,32.64,17.07,21.62,39.12,23.99,29.72,21.01,42.25,30.45,35.62,18.52,2.51,24.46,29.42,7.76,39.29,11.76,13.93
FBgn0024189,3.44,1.62,1.58,8.25,7.3,3.46,4.17,0.4,0.24,0.08,0.02,0.01,0.09,0.03,0.04,0.1,0.21,1.98,2.37,8.33,10.68,0.72,0.24,0.0,0.02,0.24,0.17,0.14,0.26,4.47
FBgn0024836,4.69,4.64,4.14,6.98,5.96,4.55,4.7,2.19,1.96,0.89,0.57,0.74,0.73,1.14,1.13,1.03,1.03,1.53,1.21,2.19,2.42,1.7,1.17,0.28,1.12,1.64,1.11,0.98,0.9,14.84
FBgn0025878,4.94,4.32,3.07,21.62,16.78,20.48,18.35,0.19,0.22,0.0,0.01,0.01,0.06,0.09,0.1,0.0,0.06,0.12,0.0,0.0,0.11,0.58,0.1,0.01,0.0,0.03,0.12,0.0,1.47,16.16
FBgn0025936,34.13,43.94,30.74,77.9,72.12,51.8,51.25,40.74,30.43,33.01,21.64,25.45,26.8,22.04,20.21,33.75,33.32,16.64,16.5,22.43,16.97,27.25,28.55,24.26,32.75,33.43,19.12,38.44,23.64,58.85
FBgn0026403,7.63,0.18,6.37,0.2,0.6,0.5,1.77,0.26,0.86,0.53,0.2,0.06,0.85,0.16,1.89,0.29,1.38,0.44,13.72,1.44,11.16,8.39,9.17,0.03,4.63,7.89,0.45,0.02,3.19,0.15
FBgn0026760,0.5,0.09,0.09,0.71,0.64,0.54,0.68,0.07,0.14,9.37,6.12,0.95,0.99,0.3,0.17,0.02,0.02,0.03,0.0,0.02,0.01,0.3,0.04,0.0,0.75,0.43,0.02,0.11,1.51,0.08
FBgn0027594,18.9,21.36,18.04,20.09,19.32,18.81,19.59,14.11,11.61,40.32,23.84,20.67,20.47,16.77,17.1,17.84,19.93,7.82,9.62,15.28,20.44,15.58,11.7,10.29,11.45,9.97,16.99,14.1,15.71,12.28
FBgn0027929,7.15,2.62,5.61,0.3,1.05,1.42,1.79,1.21,0.88,0.11,0.0,0.24,0.64,0.39,0.1,0.67,1.31,7.39,8.71,11.37,11.15,2.08,1.15,0.0,5.07,4.12,1.29,0.1,2.99,2.36
FBgn0028369,6.18,5.67,4.0,9.9,9.99,5.74,6.91,0.54,0.7,0.2,0.17,0.29,0.31,0.21,0.17,0.22,0.3,0.68,0.79,4.56,5.82,0.73,0.5,0.44,0.65,0.68,2.31,0.18,0.39,3.09
FBgn0028370,4.99,2.61,1.98,11.97,10.74,4.7,5.46,0.06,0.08,0.01,0.0,0.0,0.0,0.0,0.01,0.0,0.01,0.0,0.04,0.0,0.01,0.18,0.06,0.0,0.0,0.01,0.57,0.01,0.08,2.11
FBgn0028482,45.63,164.28,136.57,34.53,37.13,76.11,76.41,4.21,5.08,1.36,0.4,0.91,1.13,0.29,0.28,5.09,5.38,1.26,0.85,1.75,1.72,2.08,1.04,1.17,0.66,0.88,2.85,3.08,0.54,3.31
FBgn0028518,0.03,0.0,0.1,0.02,0.03,0.26,0.56,0.3,0.56,69.2,64.78,5.51,5.94,27.69,30.21,0.05,0.12,0.14,0.07,0.2,0.18,1.0,0.22,0.29,0.0,0.02,0.29,0.11,25.26,0.0
FBgn0028523,8.41,9.84,6.84,16.64,14.23,31.16,28.67,0.72,0.84,0.06,0.06,0.3,0.34,0.89,1.24,1.59,2.12,0.58,1.3,4.2,5.05,4.95,3.02,1.92,0.79,1.07,2.72,0.43,3.25,14.91
FBgn0028542,8.53,5.38,9.96,1.23,2.97,1.93,2.46,1.34,1.18,0.11,0.06,0.25,0.7,0.36,0.21,0.31,0.93,4.69,7.14,13.27,18.33,2.96,2.08,0.0,2.09,3.05,0.66,0.22,10.96,1.18
FBgn0028543,97.27,48.11,85.23,2.13,6.8,12.23,11.64,16.2,14.7,0.27,0.05,13.95,17.3,1.64,1.86,32.85,49.02,116.09,153.66,101.43,113.44,15.94,6.5,0.16,64.2,88.38,4.36,0.8,43.82,1.11
FBgn0028644,4.95,0.99,0.98,15.75,14.74,9.5,10.86,0.08,0.08,0.02,0.01,0.01,0.01,0.0,0.0,0.01,0.02,0.02,0.04,0.0,0.0,0.24,0.1,0.11,0.0,0.02,0.11,2.29,0.14,3.32
FBgn0028645,5.93,1.31,0.99,20.85,18.69,15.52,17.36,0.1,0.15,0.06,0.04,0.05,0.15,0.1,0.08,0.01,0.03,0.24,0.04,0.19,0.1,0.24,0.21,0.19,0.0,0.07,0.14,0.47,0.23,4.18
FBgn0028872,0.09,0.02,0.03,0.07,0.06,0.16,0.17,0.09,0.44,0.44,0.07,0.0,0.09,267.18,238.24,0.06,0.36,0.0,0.09,0.31,0.05,0.3,0.04,0.05,0.08,0.3,0.44,0.02,8.98,0.0
FBgn0028888,6.05,14.02,8.91,11.54,9.61,8.39,9.1,0.1,0.13,0.03,0.01,0.0,0.0,0.03,0.02,0.01,0.02,0.0,0.01,0.05,0.06,0.26,0.11,0.0,0.01,0.04,0.04,0.0,0.07,2.54
FBgn0028936,14.63,10.11,17.3,0.79,2.7,3.21,3.38,2.12,1.81,0.07,0.06,0.56,1.57,0.59,0.39,0.8,1.56,12.11,12.91,33.34,31.32,4.4,2.66,0.08,5.37,7.92,1.95,0.54,14.89,1.12
FBgn0029114,3.29,3.8,3.38,0.85,0.93,2.59,2.79,1.25,1.14,0.41,0.19,6.48,6.74,0.39,0.47,3.71,5.38,0.63,0.88,0.67,1.56,0.74,1.15,3.99,4.61,4.42,8.25,2.16,2.25,7.07
FBgn0029974,4.81,1.11,0.8,11.09,10.68,5.25,5.83,0.07,0.12,0.0,0.02,0.01,0.0,0.03,0.0,0.04,0.04,0.04,0.25,0.15,0.2,0.24,0.05,0.06,0.1,0.17,0.26,0.0,0.12,2.03
FBgn0030174,8.34,2.7,2.31,16.53,13.95,17.0,19.69,0.57,1.14,0.52,0.27,0.36,0.37,0.32,0.44,0.43,0.76,0.17,1.34,0.45,1.96,1.27,3.42,12.11,0.96,1.15,0.54,0.75,0.2,2.41
FBgn0030466,2.49,3.08,2.83,3.77,3.8,2.43,3.04,1.74,1.72,1.94,1.12,1.21,1.37,2.05,2.2,1.09,1.04,0.73,1.22,1.49,4.98,1.84,2.68,7.03,1.05,1.32,4.23,1.25,1.55,7.76
FBgn0030603,8.13,10.87,11.38,5.47,5.26,10.21,9.64,27.27,24.93,51.2,38.14,27.55,27.97,47.86,56.91,37.17,22.83,18.67,13.78,31.91,21.06,79.41,54.77,14.1,16.15,18.38,7.85,36.27,14.05,3.9
FBgn0030706,21.41,5.55,5.04,61.71,57.69,50.3,54.55,0.38,0.52,0.02,0.0,0.02,0.03,0.03,0.02,0.06,0.09,0.23,0.2,0.15,0.1,1.1,0.48,0.03,0.01,0.05,0.94,0.03,0.34,13.53
FBgn0030723,7.38,3.04,2.92,24.75,23.23,22.31,25.25,0.46,0.43,0.27,0.21,0.96,0.65,0.31,0.3,0.22,0.16,0.33,0.36,0.05,0.13,0.83,0.39,0.17,0.17,0.07,0.26,4.73,0.51,4.79
FBgn0030887,2.64,1.23,0.78,6.51,5.15,3.21,3.16,0.94,0.52,0.15,0.09,90.73,98.12,0.14,1.14,7.27,6.5,0.13,0.21,0.88,0.86,0.47,0.1,0.03,0.22,0.45,0.88,0.07,0.45,2.45
FBgn0030964,2.82,3.04,2.58,0.27,0.33,0.99,1.62,8.43,10.38,10.89,6.48,4.35,4.71,22.5,21.79,4.38,7.31,0.7,0.85,0.97,3.84,78.73,43.32,9.25,2.93,2.7,9.37,29.69,2.32,0.17
FBgn0031016,5.54,4.38,4.15,3.81,3.57,3.79,3.9,2.01,2.02,5.87,3.69,2.1,2.25,2.29,2.8,3.42,4.11,2.46,3.11,3.47,4.97,4.24,3.21,4.77,7.03,6.9,2.17,2.89,2.0,6.08
FBgn0031089,9.74,5.96,5.38,0.27,0.21,5.47,5.36,2.68,3.72,0.24,0.15,0.62,1.41,0.13,0.15,1.21,4.3,1.15,0.41,3.49,1.45,11.02,4.62,0.04,6.08,5.52,0.38,0.42,6.58,0.21
FBgn0031100,0.81,0.32,0.3,1.91,2.57,1.04,1.33,0.02,0.0,0.0,0.01,0.0,0.0,0.0,0.0,0.01,0.02,0.0,0.03,0.03,0.18,0.0,0.03,0.0,0.01,0.01,0.14,0.0,0.02,0.72
FBgn0031414,14.31,52.46,30.07,14.13,12.28,10.64,12.23,0.38,0.36,0.15,0.09,0.16,0.11,0.17,0.2,0.12,0.13,0.18,0.13,0.1,0.13,0.59,0.34,0.07,0.29,0.24,0.46,0.07,0.12,2.39
FBgn0031474,21.88,31.67,21.7,27.83,25.97,26.89,26.94,49.33,30.58,42.72,18.54,44.3,33.41,44.37,45.22,31.69,21.55,26.91,22.28,39.21,33.95,20.26,13.18,10.29,7.83,8.83,8.86,27.42,13.25,20.42
FBgn0031548,1.04,0.2,0.16,0.01,0.01,0.3,0.3,1.47,1.36,9.54,5.91,1.32,1.29,2.18,3.41,2.55,3.34,0.55,0.96,3.39,2.53,0.44,0.08,0.12,0.85,1.39,5.64,1.26,2.07,0.14
FBgn0031627,24.26,74.04,56.27,29.59,27.13,29.17,27.45,0.36,0.77,0.03,0.0,0.29,0.14,0.06,0.02,0.88,0.86,0.17,0.31,0.2,0.1,0.76,0.4,0.03,0.67,0.33,0.33,0.34,0.68,8.03
FBgn0031725,2.62,0.72,0.74,8.13,7.54,3.33,3.94,0.03,0.04,0.0,0.0,0.01,0.0,0.0,0.0,0.0,0.06,0.0,0.0,0.04,0.12,0.12,0.04,0.0,0.0,0.0,0.72,0.0,0.23,2.84
FBgn0031837,0.26,0.44,0.37,0.52,0.42,0.57,0.78,0.42,0.52,0.34,0.28,0.19,0.24,0.31,0.47,0.1,0.18,0.0,0.42,0.08,0.22,0.41,1.05,0.39,0.49,0.51,0.43,0.52,0.14,0.65
FBgn0031850,18.35,78.07,67.09,0.33,0.39,1.54,1.36,12.04,8.73,0.8,0.16,0.14,0.13,0.32,0.06,0.81,2.58,2.31,1.11,2.46,1.88,1.76,0.58,0.05,7.79,10.0,23.22,0.2,3.12,1.06
FBgn0031872,0.85,1.04,0.95,0.34,0.35,0.31,0.38,1.43,1.2,0.47,0.33,0.83,0.94,0.43,0.51,0.82,1.01,0.44,0.65,0.99,3.46,0.59,1.32,4.84,0.24,0.38,0.65,1.43,3.93,4.59
FBgn0031879,3.04,4.29,3.9,0.14,0.11,0.33,0.36,8.8,8.23,0.12,0.08,4.11,3.28,0.14,0.21,5.72,4.62,0.38,0.42,0.84,0.74,0.52,0.24,0.02,2.61,3.08,0.56,0.06,2.64,4.27
FBgn0031888,0.89,0.72,0.49,0.08,0.08,0.16,0.18,0.63,1.14,0.43,0.41,0.74,0.69,0.95,0.7,3.36,0.87,0.28,0.46,0.62,0.35,0.63,0.45,0.02,2.23,1.78,3.0,0.56,1.09,0.96
FBgn0031981,5.92,6.54,5.0,8.1,6.93,6.36,6.01,9.54,6.25,3.45,1.54,4.21,4.59,2.93,2.35,7.51,4.86,4.56,4.66,6.28,5.95,3.83,3.17,4.3,3.44,4.38,7.77,2.36,2.18,5.84
FBgn0032006,10.69,12.73,12.92,2.38,3.07,7.71,7.89,20.79,16.2,19.85,11.13,15.3,15.1,23.5,25.05,10.21,10.01,7.1,7.2,18.02,17.46,51.69,34.85,2.5,8.45,8.28,9.33,10.01,10.13,2.81
FBgn0032095,0.17,0.06,0.1,0.05,0.1,0.11,0.09,0.1,0.03,0.0,0.0,0.01,0.01,0.03,0.01,0.01,0.04,0.04,0.0,0.26,0.21,0.21,0.24,0.0,0.0,0.11,0.54,0.01,0.06,0.05
FBgn0032233,9.99,6.57,4.66,35.81,31.12,23.62,22.15,0.61,0.9,0.12,0.21,0.1,0.11,0.03,0.01,0.14,0.28,0.13,0.17,0.06,0.04,0.41,0.18,0.0,0.08,0.05,0.21,0.3,0.7,8.66
FBgn0032235,0.22,0.22,0.24,0.45,0.5,0.96,2.31,0.94,1.7,483.76,471.08,52.58,53.19,87.21,82.51,0.46,0.73,0.0,0.58,0.73,0.6,4.79,1.15,0.1,0.1,0.22,0.66,0.78,93.32,0.6
FBgn0032479,27.08,63.86,46.62,42.82,34.26,67.62,60.34,16.67,13.44,29.68,17.64,37.44,34.12,16.08,13.63,22.71,20.36,17.52,11.66,36.15,29.4,18.07,15.84,18.19,10.72,10.83,23.51,17.74,13.0,26.3
FBgn0032484,6.72,20.23,12.26,13.42,12.34,5.19,5.62,0.06,0.11,0.15,0.01,0.02,0.03,0.01,0.04,0.07,0.15,0.0,0.12,0.12,0.05,0.22,0.12,0.0,0.22,0.15,0.14,0.03,0.12,2.11
FBgn0032629,5.27,2.75,1.98,16.56,14.88,14.71,15.14,3.53,3.55,0.37,0.16,0.26,0.22,0.1,0.06,0.58,0.84,0.36,0.1,0.19,0.27,0.33,0.35,0.48,0.85,0.67,9.31,0.44,0.93,7.33
FBgn0032633,8.5,11.95,8.21,15.31,13.45,12.51,13.02,3.98,3.6,12.88,9.72,1.58,1.8,2.76,2.52,1.11,1.35,1.37,1.21,2.75,4.21,3.43,3.89,8.17,1.31,2.04,16.64,2.82,3.73,19.12
FBgn0032749,0.09,0.32,0.16,0.07,0.04,0.05,0.02,0.07,0.09,0.01,0.04,0.03,0.04,0.02,0.05,0.02,0.03,0.04,0.0,0.02,0.06,0.05,0.04,0.02,0.06,0.01,1.35,0.08,0.04,0.03
FBgn0032752,5.79,7.24,5.95,9.57,10.72,16.58,13.91,1.77,1.69,0.85,0.34,21.07,22.83,0.32,0.55,12.61,13.38,0.61,0.46,0.64,2.0,0.88,1.48,4.41,0.42,0.6,1.13,25.13,0.6,3.92
FBgn0033159,8.15,4.79,3.45,9.14,7.94,8.44,9.56,2.0,1.93,1.48,0.92,0.86,0.94,1.82,1.53,0.95,1.06,0.59,0.82,1.57,2.58,0.58,0.36,0.26,2.86,2.94,3.19,2.14,1.24,12.83
FBgn0033212,8.36,6.65,5.58,12.84,11.69,8.85,10.29,5.11,4.44,41.57,21.11,15.53,16.73,28.33,28.92,8.97,7.74,2.5,2.72,4.37,7.46,11.48,9.75,9.24,6.47,5.72,14.64,15.3,12.97,11.8
FBgn0033250,61.76,50.0,38.08,88.08,75.66,63.97,73.28,3.79,2.28,0.14,0.06,0.73,4.08,0.4,0.7,1.57,2.0,49.86,60.48,38.95,45.35,9.64,2.23,0.06,33.09,36.28,0.48,0.37,0.62,17.18
FBgn0033639,10.92,11.23,8.44,14.62,13.05,16.87,16.26,10.0,7.42,17.8,10.0,8.52,9.66,14.66,12.28,8.25,6.97,8.37,7.63,15.21,13.63,22.68,16.41,9.78,9.02,8.84,14.63,4.08,18.98,6.92
FBgn0033984,6.79,5.88,5.13,12.4,11.83,8.51,10.46,7.07,5.03,2.78,1.71,3.14,3.61,4.93,4.82,3.5,3.31,1.13,1.67,1.6,2.95,3.31,3.92,8.51,1.35,1.6,16.92,1.44,2.79,4.58
FBgn0034013,4.9,1.63,3.92,10.35,9.31,6.46,7.27,0.16,0.26,0.13,0.07,0.13,0.21,0.11,0.04,0.83,1.06,0.21,0.8,0.21,0.5,0.24,0.19,0.04,0.33,0.67,5.09,0.14,1.26,15.15
FBgn0034070,10.38,9.9,6.79,16.84,15.12,8.61,9.41,0.16,0.12,0.06,0.04,0.01,0.01,0.0,0.0,0.07,0.24,0.12,0.07,0.19,0.19,0.45,0.11,0.02,0.1,0.14,0.16,0.01,0.42,9.56
FBgn0034083,7.7,7.96,7.18,8.88,8.47,9.57,9.43,6.63,6.14,27.02,12.68,8.1,8.0,9.46,10.0,4.0,4.3,2.0,2.27,3.29,4.53,13.94,11.77,3.07,4.17,4.23,7.54,7.86,5.23,8.15
FBgn0034085,0.35,0.17,0.22,0.03,0.1,0.21,0.56,0.3,0.26,47.11,29.55,7.26,7.71,7.83,11.73,1.78,1.45,0.75,0.95,2.08,2.73,0.94,0.38,0.05,17.22,14.54,1.82,0.51,8.59,0.14
FBgn0034262,6.62,6.1,5.53,11.44,10.48,8.13,7.49,3.03,2.88,2.94,1.68,117.62,124.81,69.2,115.68,29.23,42.17,2.09,1.45,1.57,1.68,4.16,2.61,1.35,1.38,2.09,3.74,2.48,4.7,2.14
FBgn0034286,5.19,2.7,1.91,16.68,14.31,16.38,16.93,2.25,1.86,0.14,0.09,0.0,0.0,0.02,0.0,0.01,0.04,0.07,0.0,0.02,0.05,0.29,0.18,0.02,0.0,0.08,0.1,1.53,0.32,4.4
FBgn0034476,5.62,3.82,2.87,13.16,11.73,6.8,7.36,0.6,0.7,0.45,0.15,0.45,0.38,0.3,0.21,0.57,0.63,1.45,0.68,2.47,2.2,1.98,0.83,0.04,0.79,1.1,6.83,0.35,2.35,20.46
FBgn0034540,1.79,1.01,0.94,0.14,0.12,0.42,0.48,0.51,0.73,0.04,0.03,0.59,0.58,0.34,0.47,0.62,1.2,0.52,0.65,0.46,0.49,0.34,0.17,0.01,2.29,3.11,0.79,0.14,2.18,4.26
FBgn0034602,5.71,6.64,6.09,4.36,4.98,6.03,6.86,1.11,0.78,20.71,19.61,8.13,8.47,28.09,27.94,1.22,1.6,11.25,6.74,16.35,8.47,4.24,1.11,2.36,3.16,4.38,3.38,0.99,6.97,3.27
FBgn0034717,8.13,6.96,11.5,0.28,0.63,1.66,1.82,1.06,0.72,57.92,45.63,6.15,8.01,54.38,56.74,0.85,0.89,34.63,29.5,25.17,21.15,2.88,0.92,0.07,9.75,16.18,0.65,0.37,10.08,0.01
FBgn0034718,12.03,16.2,14.54,4.27,3.79,22.77,20.86,3.83,5.61,68.01,44.03,24.8,29.72,32.63,42.6,14.04,17.32,25.22,20.53,29.74,20.94,55.53,35.03,2.01,7.39,12.63,20.59,1.61,10.93,5.94
FBgn0034723,8.62,4.9,4.18,12.61,10.39,32.78,33.48,27.59,18.52,19.91,16.43,45.35,43.82,28.65,37.11,41.46,56.71,15.53,11.83,31.64,22.32,29.43,18.34,0.86,9.94,9.51,5.34,3.95,5.99,4.79
FBgn0034724,30.53,23.04,31.51,2.87,5.08,11.57,10.2,70.3,54.7,1.72,3.66,5.92,8.85,2.09,3.35,6.21,8.88,52.71,44.56,64.91,39.72,8.88,6.46,7.99,17.64,27.71,3.21,2.04,5.88,12.26
FBgn0034725,42.63,68.89,58.23,90.98,81.73,112.87,107.66,0.79,1.23,0.1,0.06,0.09,0.07,0.07,0.08,0.35,0.42,0.47,0.56,0.96,0.8,2.21,0.82,0.44,0.04,0.12,0.61,0.12,1.37,6.36
FBgn0034797,7.68,10.18,8.74,0.42,0.53,0.9,0.96,39.31,28.96,1.18,0.46,23.82,20.16,0.42,0.85,56.29,23.46,1.72,1.46,3.28,2.7,3.45,1.82,1.26,2.39,3.03,4.23,2.67,3.24,1.02
FBgn0034920,28.44,28.77,23.59,0.4,0.36,6.0,4.85,75.05,72.45,10.21,6.01,19.0,16.64,0.66,0.81,25.97,39.69,4.57,5.01,36.49,30.86,9.12,2.21,1.68,5.82,7.62,2.38,5.42,6.24,0.46
FBgn0035043,0.13,0.02,0.08,0.05,0.03,0.26,0.49,0.26,0.45,79.3,63.76,7.88,8.18,11.19,15.48,0.06,0.08,0.18,0.05,0.32,0.19,1.12,0.16,0.0,0.04,0.11,1.17,1.88,12.72,0.01
FBgn0035170,4.29,1.59,1.41,10.54,9.95,10.62,12.47,0.12,0.1,0.1,0.05,0.01,0.01,0.03,0.0,0.02,0.1,0.08,0.0,0.08,0.03,0.22,0.08,0.03,0.0,0.05,0.03,0.01,0.12,2.46
FBgn0035539,5.88,5.48,6.07,2.27,2.7,3.58,3.27,3.45,4.54,0.19,0.02,0.32,0.7,0.42,0.55,1.12,1.3,4.03,6.62,5.66,7.01,0.6,0.51,1.3,3.1,5.05,1.16,0.32,2.73,2.07
FBgn0035575,7.86,16.34,12.12,16.43,13.1,10.29,4.76,0.1,0.18,0.09,0.0,0.08,0.15,0.19,0.24,0.04,0.14,0.11,0.0,0.2,0.08,0.35,0.34,0.02,0.14,0.2,0.73,0.18,0.04,0.06
FBgn0035798,0.06,0.04,0.04,0.03,0.02,0.04,0.04,0.05,0.12,0.21,0.04,0.12,0.34,0.02,0.03,2.7,4.2,0.24,0.08,0.32,0.39,0.04,0.02,0.03,19.12,20.04,0.04,0.16,1.24,0.03
FBgn0036040,2.05,1.68,1.26,1.26,1.23,1.54,1.47,114.59,103.15,1.48,0.58,8.28,7.28,1.2,1.44,46.38,42.82,1.12,1.03,0.82,1.01,7.1,3.46,0.14,0.56,0.64,1.0,0.4,0.56,0.63
FBgn0036145,91.02,16.18,24.32,108.37,185.47,103.11,144.11,0.92,1.87,0.37,0.18,0.84,0.87,0.12,0.29,0.88,1.63,0.66,2.0,0.78,1.61,2.7,4.17,0.29,2.08,0.77,0.2,0.34,2.84,30.21
FBgn0036146,23.23,8.12,9.49,59.3,60.94,64.28,65.51,0.48,1.08,0.51,0.14,1.84,1.84,0.25,0.35,0.45,0.83,0.86,1.64,0.99,2.23,1.77,0.9,0.61,0.86,0.61,0.36,0.3,0.89,8.58
FBgn0036454,29.16,56.51,36.2,23.58,21.57,20.75,20.55,92.38,38.16,0.92,0.11,15.66,17.54,1.64,1.43,38.44,36.62,8.63,3.15,17.73,5.06,114.09,51.75,0.2,22.92,24.62,12.48,2.58,9.16,5.16
FBgn0036494,5.09,1.92,1.36,15.44,12.79,10.0,11.52,0.12,0.26,0.0,0.0,0.0,0.02,0.0,0.01,0.03,0.07,0.05,0.04,0.07,0.08,0.27,0.1,0.0,0.02,0.21,0.0,0.02,0.19,7.59
FBgn0036587,12.57,4.88,8.74,1.06,4.56,5.8,6.4,3.31,3.08,0.2,0.08,0.5,0.56,1.79,0.19,1.14,2.34,2.08,4.3,20.93,29.8,7.35,5.31,0.02,2.32,3.7,2.73,0.56,8.25,0.72
FBgn0036978,0.05,0.07,0.04,0.02,0.01,0.04,0.1,0.02,0.05,4.9,6.52,0.1,0.19,0.12,0.02,0.1,0.08,0.0,0.09,0.0,0.07,0.08,0.08,0.07,0.0,0.0,0.29,0.79,0.97,0.05
FBgn0036995,3.46,4.85,2.22,3.38,4.16,2.92,2.62,0.56,0.2,1.73,1.67,0.17,0.55,0.2,0.25,0.07,0.28,0.46,1.07,0.74,1.06,1.11,0.3,0.21,0.87,1.81,4.44,0.27,0.57,2.24
FBgn0037107,16.71,28.55,19.49,46.2,44.75,29.8,29.94,0.35,0.52,0.19,0.17,0.05,0.06,0.05,0.05,0.07,0.15,0.34,0.16,0.09,0.04,0.72,0.39,0.01,0.0,0.15,8.98,0.31,1.15,18.74
FBgn0037240,14.53,19.33,16.24,7.68,7.37,6.53,7.87,40.56,28.96,2.81,1.92,22.99,21.8,1.4,1.88,27.06,27.32,5.54,5.71,7.32,8.71,25.54,18.12,9.64,28.34,29.65,21.4,26.86,8.74,12.62
FBgn0037291,0.09,0.04,0.02,0.01,0.0,0.02,0.02,0.09,0.06,0.41,0.2,0.02,0.01,0.14,0.1,0.0,0.03,0.07,0.0,0.05,0.04,0.06,0.02,0.0,0.0,0.03,3.37,0.3,0.09,0.01
FBgn0037295,2.25,0.74,0.6,6.09,5.67,3.33,3.59,0.05,0.04,0.06,0.0,0.01,0.01,0.09,0.02,0.0,0.04,0.0,0.03,0.12,0.0,0.21,0.06,0.0,0.0,0.0,6.4,0.13,0.28,1.52
FBgn0037552,5.2,5.46,7.68,2.35,2.74,2.52,2.79,4.38,3.72,2.14,1.59,2.07,2.3,3.62,4.26,2.13,2.62,9.12,7.95,16.7,14.39,2.6,2.19,1.49,5.24,5.7,4.31,1.69,7.52,4.8
FBgn0037553,6.44,9.35,10.22,0.66,1.23,1.75,1.77,0.68,0.54,0.05,0.05,0.31,1.98,5.63,6.03,0.4,1.25,21.99,18.54,23.9,24.42,1.86,1.16,0.12,4.94,6.87,1.98,0.44,6.34,0.15
FBgn0037736,10.41,7.71,5.28,34.99,31.67,18.85,21.04,0.36,0.36,0.24,0.08,0.04,0.06,0.05,0.06,0.09,0.15,0.09,0.15,0.15,0.05,0.48,0.18,0.01,0.02,0.14,2.16,0.06,0.62,12.34
FBgn0037908,3.56,1.1,0.96,11.05,9.83,6.96,7.66,0.06,0.12,0.0,0.0,0.02,0.03,0.04,0.04,0.0,0.02,0.17,0.09,0.0,0.03,0.25,0.04,0.02,0.0,0.0,0.13,0.0,0.23,2.39
FBgn0037956,10.5,12.81,11.62,7.06,6.74,6.29,6.18,31.2,25.56,1.18,0.39,16.35,16.73,0.63,1.3,13.76,13.58,3.3,3.91,7.55,6.37,33.34,14.61,1.02,3.47,3.19,4.42,4.86,4.46,5.28
FBgn0037993,2.81,0.46,0.45,8.3,7.31,6.97,8.29,0.08,0.1,0.02,0.02,0.0,0.0,0.02,0.0,0.0,0.0,0.03,0.0,0.01,0.0,0.2,0.08,0.0,0.04,0.02,0.74,0.0,0.02,1.34
FBgn0038084,2.36,0.77,0.88,8.18,7.45,6.28,6.54,0.44,0.24,0.02,0.0,0.01,0.02,0.13,0.19,0.03,0.02,0.0,0.0,0.03,0.04,0.21,0.11,0.0,0.0,0.15,0.07,0.01,0.19,2.67
FBgn0038087,3.41,1.02,0.91,17.08,15.94,13.93,14.21,0.07,0.21,0.0,0.0,0.0,0.0,0.02,0.01,0.01,0.02,0.0,0.0,0.0,0.0,0.29,0.11,0.0,0.0,0.0,0.03,0.25,0.4,4.47
FBgn0038092,6.14,0.9,0.98,18.09,15.92,13.95,15.9,0.14,0.18,0.0,0.0,0.0,0.02,0.0,0.02,0.06,0.03,0.22,0.0,0.09,0.03,0.35,0.14,0.0,0.0,0.0,0.36,0.0,0.35,4.2
FBgn0038156,2.07,1.31,1.06,5.75,5.52,2.05,2.47,0.22,0.12,0.14,0.02,0.05,0.05,0.02,0.02,0.06,0.18,0.0,0.03,0.03,0.07,0.11,0.04,0.0,0.19,0.23,0.26,0.39,0.14,1.55
FBgn0038279,4.94,7.99,5.82,9.35,9.83,13.09,11.27,0.16,0.26,0.73,0.12,0.74,0.61,0.06,0.05,3.94,5.49,0.33,0.13,0.17,0.77,0.71,0.7,1.38,0.19,0.35,1.63,1.09,0.81,3.57
FBgn0038282,11.17,5.62,4.02,34.75,31.15,23.92,23.83,0.25,0.41,0.02,0.01,0.01,0.01,0.02,0.03,0.01,0.08,0.07,0.02,0.14,0.17,0.38,0.2,0.0,0.06,0.07,1.12,0.02,0.24,5.44
FBgn0038385,1.18,4.08,3.37,0.11,0.2,0.32,0.26,4.17,2.63,0.05,0.04,1.23,1.06,0.06,0.05,3.19,1.0,0.17,0.05,0.15,0.08,0.44,0.17,0.1,0.65,0.48,1.48,1.26,0.79,1.27
FBgn0038494,3.63,2.24,2.54,12.31,12.43,6.54,6.82,1.23,0.86,0.04,0.05,0.06,0.05,0.14,0.09,0.52,0.62,0.12,0.06,0.09,0.08,0.19,0.08,0.02,0.17,0.2,0.0,0.06,0.17,1.89
FBgn0038498,9.01,4.43,3.75,29.25,25.47,20.12,22.62,0.7,0.44,0.18,0.21,0.03,0.03,0.08,0.15,0.01,0.04,0.03,0.0,0.09,0.09,0.5,0.2,0.02,0.02,0.04,0.03,0.03,0.34,6.2
FBgn0038504,15.11,14.67,9.96,37.59,33.71,23.89,23.38,6.09,5.83,14.95,13.42,3.9,4.24,20.57,32.35,3.1,3.93,2.69,2.47,4.56,4.69,4.05,3.75,6.51,2.31,3.21,14.98,1.74,9.11,16.34
FBgn0038638,0.86,1.74,1.5,0.93,0.92,1.15,1.52,0.29,0.76,31.61,27.12,2.62,2.45,17.56,20.44,0.74,1.55,0.76,0.88,1.55,1.14,1.09,0.77,0.8,0.49,0.59,9.47,0.28,14.14,3.44
FBgn0038865,10.9,20.88,13.12,2.13,2.24,4.72,3.78,3.67,2.98,3.23,1.5,3.24,4.03,4.05,3.67,2.78,2.06,65.36,14.99,98.25,14.85,5.58,2.73,0.44,6.96,9.32,5.97,1.85,2.68,0.87
FBgn0038866,3.01,2.6,1.9,1.85,1.74,3.06,3.25,2.87,2.87,3.26,1.43,2.23,1.96,2.87,3.73,1.37,1.21,5.15,4.31,2.34,2.38,2.73,2.45,0.47,4.95,6.05,1.63,0.83,1.98,0.86
FBgn0038975,20.28,14.35,12.03,38.15,33.73,20.05,26.21,3.41,3.92,1.7,1.33,1.15,0.68,0.16,0.19,0.49,0.61,0.39,0.4,1.44,1.74,0.92,0.39,0.14,0.29,0.38,0.55,0.48,0.23,6.18
FBgn0039089,6.1,3.0,2.38,15.14,13.96,8.4,10.02,0.06,0.2,0.03,0.01,0.0,0.0,0.03,0.06,0.03,0.06,0.13,0.02,0.06,0.06,0.27,0.06,0.0,0.03,0.03,0.11,0.01,0.1,4.14
FBgn0039155,3.82,20.43,12.11,0.1,0.18,0.34,0.54,0.28,0.26,0.36,0.32,0.8,0.74,0.13,0.25,0.7,1.15,1.28,2.64,1.72,2.86,0.26,0.44,2.0,0.65,1.64,1.12,0.87,9.72,1.86
FBgn0039332,34.05,26.72,22.37,99.78,84.23,273.88,225.25,1.44,1.92,1.34,0.58,0.58,0.51,1.81,1.68,0.27,0.29,1.25,1.86,0.54,0.54,3.52,1.44,0.42,2.39,2.53,0.43,0.28,2.62,39.52
FBgn0039354,0.24,0.03,0.02,0.68,0.66,0.16,0.22,0.01,0.0,0.02,0.0,0.29,0.32,0.01,0.03,0.02,0.02,0.0,0.04,0.02,0.03,0.04,0.02,0.02,0.0,0.02,0.16,0.02,0.14,0.5
FBgn0039431,2.77,2.0,1.46,5.31,4.65,4.49,5.21,1.48,1.72,0.65,0.32,0.89,0.85,0.28,0.38,7.93,0.68,0.28,0.77,0.64,0.94,0.58,0.78,3.2,1.82,1.96,1.03,3.22,0.99,8.46
FBgn0039528,8.45,16.4,11.76,10.16,8.89,13.75,13.34,6.63,6.31,28.49,12.2,4.92,5.47,16.88,17.11,3.1,3.68,4.15,3.57,6.0,8.7,11.19,8.23,7.44,11.0,11.28,3.83,7.58,4.16,5.13
FBgn0039584,4.62,1.64,1.22,16.26,13.99,12.35,12.8,0.12,0.1,0.0,0.01,0.0,0.01,0.03,0.0,0.01,0.04,0.02,0.0,0.0,0.02,0.19,0.1,0.02,0.0,0.04,0.14,0.0,0.32,5.4
FBgn0039617,3.32,0.9,0.68,10.53,9.66,9.91,11.61,0.08,0.11,0.0,0.0,0.0,0.0,0.0,0.0,0.0,0.0,0.02,0.0,0.01,0.03,0.24,0.12,0.0,0.04,0.01,0.05,0.09,0.19,2.4
FBgn0039709,2.59,10.16,6.91,0.13,0.14,0.52,0.48,8.38,5.48,0.1,0.02,1.41,1.41,0.11,0.2,3.21,2.77,0.23,0.47,0.52,0.81,0.68,1.24,2.43,0.48,0.34,0.13,0.64,2.62,2.68
FBgn0039728,0.22,0.16,0.11,0.03,0.02,0.07,0.09,0.05,0.06,0.02,0.01,0.03,0.04,0.01,0.03,0.05,0.09,0.01,0.13,0.12,0.14,0.05,0.02,0.0,0.04,0.05,0.02,0.02,1.17,0.87
FBgn0039758,0.01,0.0,0.03,0.01,0.01,0.01,0.06,0.04,0.01,0.0,0.0,0.03,0.02,0.09,0.01,0.06,0.04,0.0,0.0,0.12,0.0,1.05,0.84,0.07,0.0,0.0,11.79,0.54,0.29,0.3
FBgn0039862,6.23,8.35,5.31,11.25,9.83,3.96,5.34,0.17,0.14,0.15,0.07,0.09,0.07,1.19,0.94,0.09,0.08,0.2,0.15,0.2,0.37,0.31,0.24,0.3,0.15,0.21,0.14,0.12,0.17,4.01
FBgn0040388,0.66,1.08,1.01,0.43,0.27,0.51,0.57,0.7,0.62,0.42,0.56,0.76,0.58,0.35,0.37,1.03,1.02,0.24,0.61,0.48,2.36,0.97,1.7,6.71,0.69,0.5,1.71,0.72,1.49,4.21
FBgn0040726,5.02,2.41,1.96,14.74,13.56,7.16,7.96,0.1,0.2,0.77,0.4,0.21,0.28,0.2,0.14,0.09,0.11,0.16,0.05,0.16,0.09,1.06,0.86,0.01,0.13,0.02,0.38,0.46,0.21,2.95
FBgn0040823,5.07,3.27,2.25,10.23,9.06,6.46,7.23,0.11,0.3,0.06,0.03,0.03,0.04,0.04,0.07,0.06,0.14,0.04,0.38,0.09,0.41,0.27,0.53,3.1,0.08,0.07,0.2,0.17,0.12,1.93
FBgn0041097,3.82,0.86,0.8,11.75,10.03,6.27,7.57,0.08,0.05,0.0,0.0,0.0,0.01,0.01,0.0,0.0,0.02,0.0,0.02,0.01,0.02,0.2,0.07,0.0,0.01,0.07,0.62,0.0,0.37,9.65
FBgn0043903,4.69,4.98,4.73,5.34,4.04,2.41,2.95,5.45,6.77,5.88,5.05,3.17,3.83,3.54,5.89,5.24,6.06,2.27,3.64,4.02,12.31,7.2,9.29,9.38,5.32,5.6,6.61,7.27,2.24,4.68
FBgn0046685,5.06,10.98,8.26,2.97,3.01,4.66,4.44,8.34,6.82,2.6,1.8,8.65,8.82,1.89,1.49,5.13,6.14,4.6,3.09,7.48,5.67,12.66,8.94,3.84,4.81,4.14,4.91,3.29,3.17,4.07
FBgn0051092,14.86,8.24,8.56,18.76,18.0,25.23,23.42,7.41,6.8,21.35,10.29,7.14,23.33,7.46,9.17,111.63,28.86,307.66,389.34,226.9,225.34,8.8,6.98,17.41,214.06,308.43,6.17,6.85,3.28,5.07
FBgn0051195,7.02,11.12,9.51,5.11,5.14,4.39,5.3,12.97,11.02,2.93,1.76,7.69,7.06,1.53,1.94,8.64,10.24,2.04,2.25,5.21,12.08,15.91,13.42,10.23,9.57,11.49,7.93,10.51,4.48,5.55
FBgn0051361,3.51,1.14,0.96,12.68,11.25,6.87,7.09,0.37,0.04,0.32,0.07,0.04,0.02,1.02,0.02,1.14,1.64,0.76,0.0,0.69,0.01,0.46,0.05,0.03,0.03,0.04,155.64,0.34,0.64,2.66
FBgn0051431,3.18,5.15,5.54,1.16,1.57,3.25,3.47,5.23,4.17,50.56,30.37,3.5,1.87,1.67,0.73,2.81,4.79,0.42,1.39,4.32,4.93,45.12,30.51,0.47,6.81,4.52,8.84,1.08,7.61,3.29
FBgn0051619,16.85,15.19,11.1,50.09,44.02,75.35,81.37,1.27,0.99,0.77,0.02,0.08,0.09,0.19,0.1,0.91,0.74,0.34,0.26,0.26,0.21,1.95,0.65,0.43,0.04,0.15,1.36,0.01,0.43,12.42
FBgn0051646,2.45,0.5,0.5,7.66,6.57,5.45,6.4,0.06,0.08,0.0,0.0,0.0,0.01,0.0,0.0,0.04,0.02,0.0,0.04,0.06,0.06,0.16,0.06,0.01,0.0,0.0,1.01,0.09,0.17,1.99
FBgn0051665,15.27,4.23,3.57,51.73,44.0,46.47,49.69,0.32,0.4,0.02,0.02,0.0,0.01,0.35,0.54,0.03,0.05,0.19,0.07,0.13,0.09,1.0,0.42,0.01,0.01,0.04,0.06,0.0,0.3,9.28
FBgn0051708,2.74,0.62,0.52,9.78,8.38,3.95,4.47,0.08,0.06,0.0,0.01,0.01,0.01,0.03,0.0,0.01,0.01,0.0,0.0,0.01,0.0,0.12,0.06,0.01,0.0,0.05,6.64,2.23,0.11,2.25
FBgn0051774,3.18,2.54,1.84,7.68,6.69,3.2,3.66,0.05,0.05,0.19,0.1,0.01,0.01,0.01,0.02,0.01,0.02,0.01,0.0,0.01,0.0,0.11,0.06,0.02,0.01,0.01,0.1,0.01,0.08,1.92
FBgn0051814,4.39,0.98,0.86,13.82,12.45,11.34,10.95,0.24,0.3,0.03,0.0,0.08,0.05,0.09,0.06,0.06,0.07,0.0,0.0,0.05,0.0,0.46,0.12,0.01,0.09,0.2,1.65,0.05,0.09,2.52
FBgn0051999,7.76,10.52,6.15,13.33,13.38,17.69,16.67,30.36,23.04,6.17,1.77,21.66,24.87,122.27,102.79,11.66,16.69,1.65,3.08,12.27,9.03,3.25,1.84,3.3,7.22,6.26,2.41,9.99,11.72,5.41
FBgn0052055,0.87,0.48,0.31,1.26,1.36,0.97,0.86,0.3,0.5,0.23,0.02,0.12,0.15,1.06,1.68,0.11,0.08,0.0,0.27,0.2,0.22,0.19,0.14,0.05,0.08,0.28,0.1,0.14,0.19,0.31
FBgn0052057,4.19,1.89,1.36,14.65,12.77,7.04,8.23,0.15,0.08,0.89,0.2,0.58,0.38,0.11,0.08,0.98,0.93,0.29,0.06,0.38,0.31,1.2,0.68,0.16,0.19,0.09,2.69,0.27,0.13,2.89
FBgn0052179,4.67,8.56,7.39,3.83,3.61,3.34,3.94,4.7,2.87,10.75,8.37,10.69,10.92,17.57,15.28,10.79,9.44,1.56,0.81,2.61,2.76,12.7,8.19,3.95,5.91,8.08,11.87,27.05,5.05,2.87
FBgn0052373,0.99,1.1,0.59,0.52,0.47,0.96,0.68,0.13,0.27,1.45,2.69,0.19,0.22,0.02,0.06,0.06,0.15,0.63,1.46,0.97,0.89,0.34,0.4,1.27,0.25,0.49,0.93,0.21,6.36,0.38
FBgn0052600,6.41,2.8,2.0,10.04,9.9,5.0,6.03,0.04,0.1,0.02,0.03,0.01,0.02,0.0,0.0,0.03,0.06,0.08,0.0,0.08,0.18,0.2,0.11,0.11,0.06,0.0,0.06,0.44,0.05,2.11
FBgn0052702,1.16,1.31,1.25,1.28,1.51,1.92,2.16,1.34,0.94,2.68,2.15,0.56,1.89,1.06,1.03,1.66,2.7,16.84,22.41,103.63,127.65,10.02,4.04,0.67,1.15,1.12,0.55,1.25,1.87,2.17
FBgn0052791,1.78,0.66,0.49,3.45,3.38,4.62,5.0,0.42,0.72,0.11,0.17,0.37,0.5,0.27,0.32,0.28,0.34,0.47,1.81,0.23,0.53,0.53,0.94,1.36,1.13,1.03,0.51,0.25,0.16,1.81
FBgn0053087,11.24,14.19,11.17,10.08,9.05,10.87,9.57,8.06,6.58,4.66,0.45,1.39,2.03,2.8,2.37,2.73,2.7,14.67,13.97,18.99,15.53,3.01,2.01,6.75,6.69,9.77,3.15,1.22,4.66,12.22
FBgn0053143,4.34,5.19,3.26,6.79,5.97,3.67,4.22,3.4,2.78,1.42,0.71,2.15,1.3,0.11,0.18,1.04,1.06,0.49,0.11,0.52,0.06,0.66,0.26,0.11,0.44,0.43,1.69,0.53,0.23,1.04
FBgn0053179,8.19,4.44,3.19,26.85,24.07,14.7,15.63,0.1,0.2,0.03,0.04,0.05,0.01,0.0,0.03,0.01,0.04,0.04,0.03,0.05,0.01,0.27,0.16,0.01,0.02,0.0,0.14,6.56,0.16,3.31
FBgn0053196,13.67,23.71,12.75,0.17,0.19,1.15,1.4,14.19,20.92,0.3,0.22,6.59,5.62,0.27,0.33,10.62,13.98,0.64,0.88,1.69,1.78,16.25,10.04,0.12,27.85,32.45,1.19,1.34,4.35,1.71
FBgn0053202,5.69,2.04,1.88,13.96,12.32,11.04,12.22,0.11,0.08,0.01,0.0,0.0,0.0,0.0,0.03,0.02,0.02,0.04,0.06,0.08,0.09,0.35,0.12,0.0,0.0,0.06,0.22,0.01,0.11,3.22
FBgn0053481,37.69,88.31,65.64,112.58,117.45,107.16,87.72,5.3,7.05,1.2,0.16,0.84,0.59,0.12,0.04,2.43,3.83,0.21,0.12,1.26,1.07,2.16,1.25,0.09,0.41,0.41,0.45,0.34,4.84,42.28
FBgn0053512,8.69,4.81,4.0,28.14,25.69,16.41,17.42,0.2,0.29,0.0,0.0,0.0,0.01,0.02,0.02,0.01,0.04,0.08,0.0,0.08,0.04,0.39,0.14,0.0,0.0,0.02,0.1,0.0,0.23,4.24
FBgn0053516,1.79,0.5,0.64,4.65,4.31,2.35,2.73,0.09,0.02,0.04,0.01,0.02,0.01,0.05,0.0,0.01,0.03,0.21,0.35,0.29,0.38,0.12,0.04,0.0,0.12,0.25,4.36,10.15,0.06,0.89
FBgn0053543,6.47,1.4,1.36,23.21,19.81,20.04,23.3,0.2,0.38,0.03,0.03,0.01,0.01,0.04,0.04,0.09,0.08,0.21,0.08,0.28,0.16,0.47,0.2,0.01,0.0,0.02,0.52,0.03,0.21,3.88
FBgn0053978,7.06,9.94,7.04,0.61,0.69,1.58,1.43,44.08,24.38,0.47,0.13,25.97,24.21,0.27,0.38,27.16,24.93,0.69,0.79,1.89,0.93,3.62,1.5,0.44,9.3,8.85,1.13,1.22,10.33,3.6
FBgn0066101,17.18,10.34,8.59,36.58,33.84,30.45,31.54,2.75,2.21,52.22,38.85,1.52,1.95,1.9,1.75,3.38,4.46,68.56,62.64,83.05,59.64,3.16,3.66,6.13,1.6,1.13,1.4,1.47,3.86,6.45
FBgn0083949,4.46,1.8,1.46,10.3,9.22,4.58,5.4,0.07,0.05,0.04,0.02,0.0,0.0,0.04,0.03,0.03,0.04,0.03,0.03,0.05,0.02,0.12,0.04,0.01,0.01,0.03,0.13,0.0,0.09,2.13
FBgn0083950,8.98,3.08,2.61,22.62,20.83,12.66,14.67,0.14,0.12,0.01,0.01,0.01,0.0,0.1,0.01,0.04,0.15,0.03,0.03,0.11,0.07,0.4,0.14,0.01,0.01,0.04,6.64,0.03,0.14,4.42
FBgn0085382,5.63,3.0,1.88,11.51,10.24,7.31,10.1,0.1,0.12,0.01,0.01,0.0,0.01,0.0,0.01,0.03,0.06,0.07,0.12,1.01,1.28,0.26,0.11,0.02,0.08,0.0,0.13,0.03,0.29,4.16
FBgn0085397,2.69,0.94,0.76,5.85,5.12,3.99,4.56,0.27,0.34,0.17,0.05,0.37,0.29,0.04,0.12,0.25,0.3,0.26,0.17,0.47,0.31,2.97,5.1,0.28,0.61,0.77,0.7,0.27,1.89,7.99
FBgn0085400,3.58,5.8,3.9,6.0,5.19,4.43,4.41,0.8,0.48,0.06,0.04,0.21,0.18,0.19,0.12,0.79,0.61,0.17,0.1,0.37,0.36,0.31,0.18,0.56,0.79,0.73,3.88,0.23,0.52,5.52
FBgn0085407,10.37,7.45,4.7,31.6,29.25,19.42,22.3,0.68,1.46,0.33,0.18,0.27,0.26,0.43,0.51,0.45,0.61,0.3,0.47,2.13,1.91,1.06,0.58,0.06,0.38,0.61,0.62,3.18,1.33,4.26
FBgn0085414,17.65,6.48,4.31,55.53,47.21,30.63,34.44,0.28,0.32,0.02,0.0,0.03,0.01,0.02,0.01,0.03,0.08,0.24,0.1,0.18,0.14,0.7,0.3,0.01,0.01,0.01,0.16,0.03,0.85,11.39
FBgn0085420,3.81,0.53,0.58,12.11,10.84,14.29,15.68,0.06,0.12,0.02,0.0,0.0,0.0,0.0,0.0,0.02,0.06,0.09,0.0,0.06,0.0,0.25,0.08,0.0,0.96,1.16,0.47,0.05,0.18,2.89
FBgn0085440,0.71,0.32,0.1,1.52,1.43,3.68,3.94,1.64,1.87,1.5,0.75,0.23,0.44,0.06,0.05,0.12,0.38,0.03,0.09,0.2,0.22,0.25,0.05,0.01,0.11,0.04,0.16,0.07,0.14,0.47
FBgn0086604,8.55,5.12,3.85,20.3,18.54,15.98,16.16,2.71,2.4,0.34,0.17,0.11,0.13,0.47,0.32,0.17,0.26,0.43,0.34,1.38,1.97,0.58,0.15,0.07,2.07,2.59,0.27,0.5,0.11,4.09
FBgn0243486,6.08,13.7,9.95,11.83,10.74,6.63,7.07,0.12,0.11,0.0,0.0,0.01,0.03,0.01,0.0,0.15,0.09,0.0,0.0,0.04,0.02,0.16,0.13,0.03,0.0,0.1,2.75,0.06,1.16,3.5
FBgn0243514,3.51,1.52,2.54,0.33,1.33,1.4,1.63,1.07,0.69,0.14,0.03,0.16,0.27,0.64,0.12,0.34,1.67,0.64,0.99,6.02,9.82,2.0,1.7,0.02,0.77,0.93,1.16,0.24,6.43,2.72
FBgn0250908,7.93,1.42,1.36,24.74,21.41,13.32,15.89,0.14,0.2,0.01,0.0,0.01,0.01,0.01,0.01,0.04,0.06,0.08,0.1,0.1,0.08,0.31,0.19,0.02,14.06,10.26,1.79,0.52,0.16,5.52
FBgn0259110,20.87,18.84,12.32,40.73,35.68,25.53,27.07,0.34,0.28,0.02,0.01,0.01,0.02,0.02,0.04,0.03,0.08,0.07,0.09,0.12,0.08,0.58,0.2,0.04,0.06,0.07,0.06,0.01,0.35,11.14
FBgn0259140,0.23,0.1,0.16,0.08,0.08,0.52,0.66,0.58,0.24,0.36,0.05,0.08,1.24,0.32,0.17,0.88,1.64,14.06,19.33,83.01,90.89,5.15,1.84,0.03,0.15,0.21,0.64,0.06,1.23,1.08
FBgn0259213,5.64,1.78,1.36,18.87,16.35,11.19,11.54,0.09,0.17,0.0,0.0,0.02,0.0,0.03,0.01,0.02,0.05,0.11,0.04,0.02,0.01,0.2,0.12,0.0,0.0,0.02,1.89,0.01,0.17,4.52
FBgn0259245,4.22,1.78,1.1,9.23,9.07,6.46,7.96,0.08,0.11,0.07,0.03,0.01,0.01,0.04,0.1,0.01,0.02,0.0,0.08,0.01,0.07,0.14,0.09,0.04,0.02,0.03,0.87,0.0,0.07,2.89
FBgn0259677,5.68,2.25,1.95,10.89,11.81,6.57,8.77,2.66,3.82,0.12,0.07,0.21,0.18,0.04,0.02,0.24,0.31,0.07,0.18,0.44,0.39,0.31,0.2,0.12,0.34,0.39,0.55,1.79,0.12,3.2
FBgn0259685,10.04,32.72,20.45,1.58,1.47,1.34,1.6,23.46,18.38,11.06,4.5,8.81,10.12,2.62,4.05,9.06,9.93,1.12,2.02,2.64,7.4,12.18,11.93,10.94,8.12,8.4,4.03,5.2,4.46,3.7
FBgn0259714,4.31,11.48,9.06,7.17,6.55,6.62,7.79,0.51,0.38,0.44,0.39,1.18,1.24,0.24,0.23,0.25,0.34,2.72,2.14,4.09,2.52,0.8,0.34,0.07,0.79,0.97,0.61,0.06,0.77,2.62
FBgn0259735,12.98,13.09,11.0,10.66,9.63,13.57,12.95,5.13,5.17,14.01,9.38,3.41,2.83,5.97,6.26,3.55,5.39,7.48,5.42,14.71,13.48,11.23,13.16,10.83,11.94,12.08,11.11,19.47,5.16,4.74
FBgn0259896,14.12,4.9,9.2,0.9,4.2,4.15,5.35,3.22,3.04,0.2,0.09,0.49,0.65,1.13,0.24,0.93,2.58,3.71,4.68,20.21,40.04,6.98,5.13,0.06,3.45,3.73,2.53,0.63,10.15,1.14
FBgn0260793,6.09,1.64,1.31,20.97,18.83,11.04,11.77,0.16,0.22,0.05,0.02,0.03,0.03,0.02,0.03,0.03,0.07,0.07,0.05,0.08,0.12,0.3,0.16,0.21,0.08,0.25,0.07,0.02,0.2,7.3
FBgn0260995,24.73,10.96,8.82,78.39,76.59,81.6,75.12,0.78,1.33,0.05,0.08,0.12,0.03,0.02,0.09,0.19,0.3,0.0,0.16,0.28,0.16,1.07,0.68,0.0,0.81,0.13,0.28,0.92,1.81,19.56
FBgn0261046,5.15,2.0,1.7,15.84,14.89,6.45,7.76,0.08,0.14,0.07,0.02,0.01,0.01,0.05,0.02,0.01,0.03,0.0,0.05,0.01,0.02,0.14,0.08,0.06,0.03,0.19,0.2,0.0,0.16,4.23
FBgn0261260,26.04,28.29,21.24,15.54,15.45,26.05,23.55,40.57,30.84,2.07,0.6,13.54,13.36,4.49,4.65,18.45,27.49,2.51,2.36,3.82,5.76,36.91,22.18,7.64,20.45,25.25,37.65,47.32,2.65,7.31
FBgn0261269,0.87,1.15,0.57,0.08,0.07,0.18,0.18,4.87,3.05,0.12,0.07,2.26,2.51,0.08,0.04,2.61,2.79,0.16,0.16,0.28,0.27,0.46,0.16,0.13,0.37,0.2,2.94,0.04,5.58,3.69
FBgn0261509,1.96,0.78,0.68,3.51,3.09,2.32,3.06,0.7,0.86,0.35,0.09,0.57,0.51,0.21,0.13,1.79,0.42,0.12,0.26,0.2,0.25,0.43,0.25,0.14,0.31,0.34,0.43,0.15,1.82,0.99
FBgn0261563,1.05,1.79,1.33,0.47,0.4,1.37,0.9,1.96,1.58,1.5,0.68,1.01,1.37,0.31,0.26,0.87,1.45,2.31,2.86,5.94,10.02,7.44,3.06,0.68,2.41,2.46,1.4,4.42,0.46,3.86
FBgn0261574,9.65,6.67,4.58,25.42,22.8,15.87,16.69,5.06,4.06,8.92,4.84,3.59,4.33,5.69,5.41,2.5,3.66,1.94,2.95,2.43,3.48,4.08,5.35,11.22,10.02,13.15,4.13,3.08,3.13,16.3
FBgn0261674,7.42,12.6,10.4,8.82,7.76,5.14,4.98,7.19,8.51,10.23,9.68,7.05,6.87,3.32,3.31,4.48,5.0,6.57,6.59,11.17,12.33,3.67,3.84,5.82,3.74,5.16,12.43,4.06,6.99,10.78
FBgn0261800,6.64,4.74,5.38,2.08,3.08,6.05,7.57,15.39,15.13,5.11,3.0,7.07,6.78,3.17,2.75,7.51,9.8,1.6,2.96,8.45,16.72,6.96,5.14,6.12,5.41,6.28,5.96,6.78,12.42,13.94
FBgn0261822,36.72,38.67,39.61,21.13,22.12,37.84,36.64,43.4,48.22,193.88,132.57,114.28,131.81,184.61,172.22,56.87,68.75,49.87,44.25,52.57,34.22,37.7,33.14,18.47,74.85,87.93,19.72,15.51,82.81,16.5
FBgn0261871,3.18,1.73,1.46,8.62,8.22,5.15,5.89,0.04,0.07,0.02,0.0,0.01,0.01,0.06,0.04,0.04,0.02,0.11,0.28,0.02,0.07,0.1,0.09,0.0,0.0,0.0,0.34,0.39,0.1,1.3
FBgn0262018,3.04,1.02,0.81,6.65,5.76,3.71,4.38,0.08,0.08,0.1,0.02,0.02,0.01,0.03,0.0,0.01,0.02,0.21,0.08,0.2,0.08,0.16,0.04,0.01,0.11,0.16,0.86,0.02,0.06,1.43
FBgn0262473,14.34,16.0,14.37,19.2,17.21,14.48,15.99,14.91,12.87,1.02,0.55,9.44,10.46,0.73,1.46,12.23,13.38,7.82,10.14,9.37,19.62,12.39,16.8,32.87,8.91,10.0,2.72,4.67,6.16,18.5
FBgn0262509,17.35,28.66,17.65,24.43,21.4,15.22,16.13,37.03,38.05,4.06,1.84,10.03,6.74,0.35,0.33,16.85,25.84,2.58,3.8,11.49,10.05,3.27,1.34,1.39,12.36,13.84,6.65,5.19,5.23,9.01
FBgn0262870,8.47,3.32,2.38,22.35,18.99,29.8,27.6,0.45,0.36,10.73,5.21,38.44,28.17,22.6,17.35,131.3,152.36,1.14,1.32,1.3,0.66,15.16,6.7,0.03,2.63,4.37,0.43,1.33,2.52,5.03
FBgn0263219,6.36,2.55,1.82,15.71,14.14,6.39,7.34,0.08,0.11,0.22,0.11,0.04,0.03,0.09,0.08,0.02,0.02,0.03,0.05,0.03,0.02,0.18,0.1,0.01,0.0,0.02,0.28,0.2,0.49,7.02
FBgn0263289,23.76,36.69,26.49,15.0,14.47,22.83,23.93,27.52,22.33,22.93,12.22,20.63,19.56,13.8,12.39,23.91,16.95,10.03,8.78,15.76,19.72,29.64,19.66,12.49,25.09,26.58,11.79,25.5,6.07,9.66
FBgn0264089,7.54,9.89,6.77,12.72,11.08,9.47,9.28,2.44,2.04,4.84,2.31,1.54,1.23,1.96,1.48,1.92,2.62,1.62,1.47,3.36,3.15,0.86,0.41,0.33,5.65,6.17,2.07,0.19,1.14,15.76
FBgn0264975,21.15,17.36,14.61,14.36,14.08,21.32,22.71,27.79,26.95,5.1,3.79,15.98,16.26,1.58,1.74,18.05,20.65,9.48,9.15,15.36,14.97,12.98,8.56,6.44,22.59,27.38,11.9,18.46,10.23,28.86
FBgn0265002,2.52,0.56,0.53,6.48,5.54,4.09,4.49,0.21,0.29,0.05,0.03,0.01,0.02,0.08,0.12,0.13,0.16,0.01,0.1,0.06,0.01,0.12,0.11,0.16,0.07,0.25,0.39,0.05,0.05,1.11
FBgn0265045,14.21,50.39,39.62,1.72,1.17,52.08,39.75,19.77,15.48,2.17,1.29,6.08,6.23,3.31,3.51,7.13,6.87,8.47,8.43,13.39,10.75,82.19,37.41,0.67,8.9,10.39,3.56,39.17,4.15,1.32
FBgn0265296,12.18,3.6,2.94,17.31,14.89,8.71,9.97,0.18,0.18,0.01,0.04,0.04,0.02,0.84,1.69,0.03,0.04,0.07,0.04,0.06,0.02,0.4,0.11,0.01,0.02,0.04,0.85,0.01,0.2,5.33
FBgn0265607,4.16,1.29,1.14,11.78,11.01,6.1,7.91,0.11,0.13,0.03,0.02,0.0,0.03,0.05,0.0,0.01,0.02,0.02,0.0,0.06,0.04,0.22,0.07,0.01,0.0,0.04,3.95,0.03,0.1,3.26
FBgn0266801,9.05,5.9,4.0,16.02,14.06,15.38,15.56,0.24,0.25,0.05,0.01,0.04,0.03,0.09,0.04,0.11,0.2,0.27,0.18,0.48,0.35,0.5,0.33,0.32,0.35,0.31,18.92,0.15,0.28,2.59
FBgn0267001,13.04,7.44,4.99,19.32,19.1,13.04,14.68,2.66,3.36,0.38,0.14,0.59,0.41,0.47,0.33,1.08,1.19,1.87,0.82,4.11,2.51,0.56,0.27,1.15,0.76,1.09,0.39,0.2,0.8,11.17
FBgn0267348,6.93,3.95,4.64,0.75,1.3,3.23,4.66,11.8,11.3,1.77,0.84,9.44,9.35,3.26,2.7,4.51,7.94,2.45,5.69,6.73,16.93,3.44,2.54,3.91,4.58,5.98,3.04,6.91,4.98,4.94
FBgn0267428,3.55,1.29,1.07,9.2,9.33,7.68,8.25,0.08,0.11,0.03,0.0,0.23,0.14,0.02,0.07,0.05,0.15,0.08,0.16,0.11,0.17,0.21,0.16,0.67,0.31,0.24,3.01,0.0,0.16,3.9
FBgn0267435,108.0,653.81,412.14,0.47,0.72,0.08,0.22,0.8,1.31,0.05,0.03,0.04,0.01,0.16,0.09,0.01,0.24,0.08,0.19,0.03,0.06,2.19,1.36,0.09,0.3,0.13,0.25,7.64,0.14,0.66
FBgn0267728,0.98,0.65,0.78,1.96,1.95,2.52,2.41,0.48,0.53,0.53,0.5,1.8,1.74,0.56,0.5,1.98,0.8,1.07,1.61,1.59,2.65,0.52,0.61,0.91,0.69,1.05,0.44,0.45,1.06,5.99
FBgn0268063,28.78,64.95,50.81,9.3,10.07,17.08,16.07,1.09,0.81,0.11,0.1,0.51,0.87,0.1,0.17,3.4,2.67,29.79,38.94,160.36,141.95,2.36,1.02,0.05,5.39,9.92,1.4,2.71,4.94,5.07
FBgn0283499,7.08,5.68,6.32,4.83,5.45,5.67,6.08,4.07,4.81,4.85,3.5,3.0,3.42,6.35,8.13,3.98,3.84,4.12,6.4,4.63,6.13,4.34,7.16,5.07,8.91,9.11,4.1,3.32,2.22,5.89
FBgn0284408,17.81,17.26,11.04,17.97,16.06,44.66,43.27,20.54,21.61,15.77,4.94,10.64,12.86,11.44,16.16,21.37,16.41,3.91,5.94,10.45,14.41,45.36,43.99,12.0,12.52,14.23,8.8,7.01,32.26,10.61
FBgn0285896,2.12,0.65,0.53,0.43,0.49,0.68,0.72,12.02,6.88,0.79,0.68,9.88,8.57,0.54,0.66,3.25,5.09,1.39,1.03,1.6,1.01,1.31,0.53,0.04,14.61,12.8,0.49,0.45,0.75,0.5
FBgn0287775,11.09,14.0,11.7,5.99,5.25,7.04,6.93,2.42,1.46,1.85,0.44,5.49,6.18,0.59,0.83,2.06,2.0,11.4,11.26,11.22,9.37,10.81,5.38,2.27,12.02,13.95,2.55,1.72,2.29,7.08
FBgn0287864,1.89,1.94,1.17,3.94,3.61,1.67,2.05,0.06,0.12,0.0,0.0,0.09,0.24,0.01,0.01,0.04,0.09,0.05,0.01,0.05,0.08,0.18,0.16,0.03,0.27,0.39,0.38,1.48,0.87,5.46
