Protein_id,Protein_description,Gene_name,hrp_1,hrp_2,h2o2_1,h2o2_2,t4_1,t4_2,t5_1,t5_2,signal_ratio,fp,tp,tpr,fpr,tpr_fpr,fdr
3200,"Mitochondrial fission 1 protein;Mitochondrial fission 1 protein, Isoform E;Mitochondrial fission 1 protein, Isoform D;Mitochondrial fission 1 protein, Isoform A",Fis1,5.7781,4.5548,4.8566,6.4947,6.5413,6.4692,6.0158,6.1668,1.9864999999999995,0,0,0.0,0.0,0.0,0.0
3579,"MIP27349p1;Uncharacterized protein, isoform G;Uncharacterized protein, isoform I;GH09530p",CG1726;CG1735;CG32521-RA,6.3343,4.0531,5.3954,4.2084,5.9403,5.9565,6.1171,6.4479,1.8872,0,0,0.0,0.0,0.0,0.0
3570,"Staufen, isoform C;Maternal effect protein staufen;Maternal effect protein staufen, Isoform B",stau,5.6599,4.6893,4.7603,5.6529,6.2062,6.2174,5.5191,5.8249,1.5168999999999997,0,0,0.0,0.0,0.0,0.0
3340,"Dystrophin, isoform D",Dys,5.9204,4.8801,4.6743,5.6605,6.3849,6.4384,5.957,6.0902,1.5048000000000004,0,0,0.0,0.0,0.0,0.0
3811,FI07206p,PNKP,5.0814,4.4638,4.2547,5.116,5.9447,6.0059,5.0034,4.8864,1.4809,0,0,0.0,0.0,0.0,0.0
FBgn0025680,Cryptochrome-1,cry,5.4992,4.6445,6.3053,5.9487,6.0426,6.0921,6.3776,5.733,1.3981000000000003,1,0,0.0,0.0015432098765432098,-0.0015432098765432098,0.0008771929824561404
3604,Fatty acyl-CoA reductase;Fatty acyl-CoA reductase;Fatty acyl-CoA reductase;Fatty acyl-CoA reductase;Fatty acyl-CoA reductase,CG18680;CG2858;CG30427;CG30427-RC;Dmel\CG30427,5.6594,4.9451,4.6902,5.6085,6.3241,6.3044,5.7367,4.9781,1.3789999999999996,0,0,0.0,0.0015432098765432098,-0.0015432098765432098,0.0008771929824561404
2963,5'-3' exoribonuclease;5'-3' exoribonuclease 2 homolog,Rat1,6.0772,4.8985,6.5093,6.0557,6.2685,6.3493,6.0069,5.7803,1.37,0,0,0.0,0.0015432098765432098,-0.0015432098765432098,0.0008771929824561404
3666,Armadillo repeat-containing protein 6 homolog,CG5721,6.1954,4.3941,5.3416,5.3865,5.7594,5.8665,5.3349,5.2939,1.3653000000000004,0,0,0.0,0.0015432098765432098,-0.0015432098765432098,0.0008771929824561404
FBgn0026373,GH07456p,Rpb3,6.4149,5.6595,5.3742,6.2573,7.0074,7.1528,6.3316,6.3833,1.3478999999999992,1,0,0.0,0.0030864197530864196,-0.0030864197530864196,0.0017543859649122807
3376,GH20840p,Dmel\CG11407,5.8515,5.0337,4.5898,5.4867,6.2503,6.398,6.1106,6.0707,1.2166000000000006,0,0,0.0,0.0030864197530864196,-0.0030864197530864196,0.0017543859649122807
1625,"Potassium voltage-gated channel protein Shaker, Isoform Beta;Potassium voltage-gated channel protein Shaker, Isoform L",Sh;Sh-RF,6.5358,6.1605,6.1392,6.6516,7.3107,7.2393,6.6348,6.6761,1.1502,0,0,0.0,0.0030864197530864196,-0.0030864197530864196,0.0017543859649122807
FBgn0034261,"FI02012p;Hermansky-Pudlak syndrome 4, isoform A;RE07883p",HPS4,6.2848,5.7144,5.6907,6.2175,6.7814,6.8042,6.3857,6.3399,1.0669999999999993,0,0,0.0,0.0030864197530864196,-0.0030864197530864196,0.0017543859649122807
FBgn0034808,RE45066p,Dmel\CG9896,6.7976,6.2429,6.0383,6.0313,7.2996,7.355,7.2168,7.4434,1.0567000000000002,0,1,0.0020325203252032522,0.0030864197530864196,-0.0010538994278831673,0.0017543859649122807
FBgn0061200,"Nucleoporin 153kD, isoform D;Nuclear pore complex protein Nup153",Nup153,6.3216,5.9189,5.7862,6.3287,6.955,7.0004,6.4581,6.4962,1.0361000000000002,1,0,0.0020325203252032522,0.004629629629629629,-0.002597109304426377,0.002631578947368421
FBgn0261674,"RT10135p (Fragment);LD45603p;Uncharacterized protein, isoform D",CG17667-RB;EP(3)3622;EP3622,7.4538,7.1229,6.0134,6.8212,8.1297,8.1415,7.7111,7.785,1.0068000000000001,0,1,0.0040650406504065045,0.004629629629629629,-0.0005645889792231249,0.002631578947368421
FBgn0261822,"Basigin, isoform G",Bsg,8.0618,7.1192,7.1544,7.0136,8.0973,8.12,7.9017,7.8876,0.9781000000000004,0,1,0.006097560975609756,0.004629629629629629,0.001467931345980127,0.002631578947368421
FBgn0027843,"Carbonic anhydrase 2, isoform A",CAH2,6.8999,6.3846,6.6662,6.4434,7.3411,7.2362,6.8474,6.8971,0.9565000000000001,0,1,0.008130081300813009,0.004629629629629629,0.0035004516711833796,0.002631578947368421
FBgn0021795,Signal sequence receptor subunit delta,Tapdelta,6.9431,5.8703,5.5751,6.224,6.8092,6.8146,6.2236,6.114,0.9388999999999994,0,0,0.008130081300813009,0.004629629629629629,0.0035004516711833796,0.002631578947368421
FBgn0038381,Poly(U)-specific endoribonuclease,CG31292-RA;EndoU,6.4212,5.74,5.6088,6.2421,6.6742,6.621,6.521,6.3745,0.9341999999999997,0,1,0.01016260162601626,0.004629629629629629,0.0055329719963866306,0.002631578947368421
FBgn0261710,"No circadian temperature entrainment, isoform D;LP18708p",nocte,6.4022,4.973,5.7399,5.7565,5.8705,5.9756,5.7908,5.7763,0.8975,0,0,0.01016260162601626,0.004629629629629629,0.0055329719963866306,0.002631578947368421
FBgn0025615,CG3024 (Fragment);CG3024 (Fragment);CG3024 (Fragment);CG3024 (Fragment);CG3024 (Fragment);CG3024 (Fragment);Torsin-like protein,CG3024;Torsin,6.346,5.7278,5.6573,6.1676,6.6162,6.6715,6.3903,6.3024,0.8883999999999999,0,0,0.01016260162601626,0.004629629629629629,0.0055329719963866306,0.002631578947368421
1357,"Tropomyosin 1, isoform Q;Tropomyosin 1, isoform R;MIP08601p",Tm1;Tm1-RA;TPM2,7.1196,6.1301,6.9918,6.8828,7.0165,7.0075,6.6388,6.8374,0.8864000000000001,0,0,0.01016260162601626,0.004629629629629629,0.0055329719963866306,0.002631578947368421
1169,"Peroxidase C1A, fragment (113-338)",PRXC1A,6.8709,6.4771,6.5769,6.5273,7.3457,7.3775,7.1396,7.2003,0.8685999999999998,0,0,0.01016260162601626,0.004629629629629629,0.0055329719963866306,0.002631578947368421
FBgn0004575,"Synapsin, isoform D",Syn,7.3334,7.1751,7.4985,7.823,8.0161,8.0287,7.751,7.7209,0.8410000000000002,0,0,0.01016260162601626,0.004629629629629629,0.0055329719963866306,0.002631578947368421
FBgn0004838,"Heterogeneous nuclear ribonucleoprotein at 27C, isoform D;Heterogeneous nuclear ribonucleoprotein 27C",Hrb27C;hrp48,7.0397,6.7047,6.5863,7.0437,7.5314,7.578,6.9337,7.0902,0.8266999999999998,1,0,0.01016260162601626,0.006172839506172839,0.003989762119843421,0.0035087719298245615
FBgn0013342,"RH40025p;Neuronal synaptobrevin, isoform K;Neuronal synaptobrevin, isoform J;GH19566p;GH04664p;Neuronal synaptobrevin, isoform E",n-syb-RD;nSyb,7.842,7.1714,6.5078,6.5966,7.9928,8.0981,7.6742,8.41,0.8213999999999997,0,1,0.012195121951219513,0.006172839506172839,0.0060222824450466735,0.0035087719298245615
3835,GM03616p;FI17510p1,CG9917-RA;Dmel\CG9917,5.4476,4.694,3.844,3.8743,5.4999,5.4334,5.0927,5.8962,0.8059000000000003,0,0,0.012195121951219513,0.006172839506172839,0.0060222824450466735,0.0035087719298245615
FBgn0263994,"Uncharacterized protein, isoform C;Uncharacterized protein, isoform B",CG15028;Dmel\CG43737,7.4465,6.7668,6.4179,6.647,7.5501,7.6088,7.112,7.2561,0.7832999999999997,0,0,0.012195121951219513,0.006172839506172839,0.0060222824450466735,0.0035087719298245615
FBgn0035187,Tryptophan 5-monooxygenase,Trh,6.8501,6.3395,6.3498,6.7776,7.1198,7.1318,7.2643,6.8728,0.7802999999999995,0,0,0.012195121951219513,0.006172839506172839,0.0060222824450466735,0.0035087719298245615
FBgn0028689,"Regulatory particle non-ATPase 6, isoform C;26S proteasome non-ATPase regulatory subunit 11;26S proteasome non-ATPase regulatory subunit 11, Isoform A",Rpn6,6.6529,6.082,6.0284,6.3665,6.8309,6.7563,6.6742,6.5503,0.7488999999999999,0,0,0.012195121951219513,0.006172839506172839,0.0060222824450466735,0.0035087719298245615
FBgn0040309,"CG1633 (Fragment);Peroxiredoxin 1;Thioredoxin peroxidase 1, isoform C",CG1633;Jafrac1,7.6525,7.3533,7.9948,8.0529,8.0918,8.1297,7.4787,7.6434,0.7384999999999993,0,0,0.012195121951219513,0.006172839506172839,0.0060222824450466735,0.0035087719298245615
FBgn0036926,"Uncharacterized protein, isoform A",BcDNA:RH69723;Dmel\CG7646,6.5316,6.0116,4.7324,6.0054,6.7216,6.8004,6.3353,6.8254,0.71,0,0,0.012195121951219513,0.006172839506172839,0.0060222824450466735,0.0035087719298245615
1257,Adenylosuccinate synthetase,AdSS;CG17273-RA,7.0502,6.4719,6.2972,7.0431,7.165,7.1847,6.9145,6.9857,0.6931000000000003,0,0,0.012195121951219513,0.006172839506172839,0.0060222824450466735,0.0035087719298245615
FBgn0025631,"Moody, isoform C",moody,6.3281,5.8544,5.6768,6.1262,6.5459,6.5862,6.2729,6.3015,0.6914999999999996,0,1,0.014227642276422764,0.006172839506172839,0.008054802770249924,0.0035087719298245615
FBgn0000100,60S acidic ribosomal protein P0;60S acidic ribosomal protein P0,RpLP0,7.2171,6.4402,6.8556,6.784,7.0955,7.0849,6.7854,6.9528,0.6553000000000004,0,0,0.014227642276422764,0.006172839506172839,0.008054802770249924,0.0035087719298245615
2110,"Protein argonaute-2;Protein argonaute-2, Isoform C",Ago2;AGO2,6.3571,6.1517,5.9882,6.4117,6.8016,6.8572,6.2778,6.5545,0.6498999999999997,0,0,0.014227642276422764,0.006172839506172839,0.008054802770249924,0.0035087719298245615
FBgn0033313,"Latrophilin Cirl;Latrophilin Cirl;Latrophilin Cirl;Latrophilin Cirl, Isoform B;Latrophilin Cirl",Cirl;Cirl-RF,6.3691,5.9402,6.3711,6.1876,6.5889,6.6025,6.2794,6.2832,0.6486999999999998,0,1,0.016260162601626018,0.006172839506172839,0.010087323095453179,0.0035087719298245615
FBgn0000636,"Fasciclin-3, Isoform B;Fasciclin 3, isoform F",Fas3,6.6611,6.5844,6.5108,6.49,7.2189,7.2543,6.8609,7.1344,0.6345000000000001,0,1,0.018292682926829267,0.006172839506172839,0.012119843420656428,0.0035087719298245615
FBgn0032797,"RE03726p;Hig-anchoring scaffold protein, isoform G;Hig-anchoring scaffold protein, isoform A",CG10186;CG10186-RA;Hasp,8.0048,7.433,7.5305,7.2272,8.0667,8.1326,8.1012,8.1046,0.633700000000001,0,1,0.02032520325203252,0.006172839506172839,0.01415236374585968,0.0035087719298245615
FBgn0011259,"Semaphorin 1a, isoform G;Semaphorin 1a, isoform D;Semaphorin-1A",Sema-1a-RA;Sema1a,6.8503,6.3756,6.3756,6.5954,7.0022,7.0365,6.9103,6.8339,0.6265999999999998,0,1,0.022357723577235773,0.006172839506172839,0.016184884071062933,0.0035087719298245615
FBgn0261854,Protein kinase C;Protein kinase C,aPKC;CG30475-RA,7.5537,6.9843,7.8754,7.578,7.6076,7.6576,7.619,7.6963,0.6232999999999995,0,0,0.022357723577235773,0.006172839506172839,0.016184884071062933,0.0035087719298245615
FBgn0002567,"Rab32, isoform B",Rab32,7.0847,6.9663,6.8537,7.1899,7.5893,7.5055,7.281,7.1239,0.6229999999999993,0,0,0.022357723577235773,0.006172839506172839,0.016184884071062933,0.0035087719298245615
FBgn0285925,"Fasciclin 1, isoform C",Fas1,6.8867,6.6773,6.8877,6.7828,7.2991,7.233,7.24,7.1946,0.6218000000000004,0,1,0.024390243902439025,0.006172839506172839,0.018217404396266186,0.0035087719298245615
FBgn0034310,Nuclear pore complex protein Nup75;Nuclear pore complex protein Nup75;Nuclear pore complex protein Nup75;Nuclear pore complex protein Nup75;Nuclear pore complex protein Nup75;Nuclear pore complex protein Nup75;Nuclear pore complex protein Nup75;Nuclear pore complex protein Nup75 (Fragment),Nup75;Nup75-RA,6.2081,5.6601,6.4717,6.1699,6.2734,6.3989,6.2075,6.3001,0.6132999999999997,0,0,0.024390243902439025,0.006172839506172839,0.018217404396266186,0.0035087719298245615
FBgn0033451,FI02892p,CG1665;Marc,7.3203,6.716,7.1925,7.0764,7.2929,7.3543,7.1535,7.3109,0.5769000000000002,1,0,0.024390243902439025,0.007716049382716049,0.016674194519722976,0.0043859649122807015
FBgn0263593,"Phosphatidate phosphatase;Lipin, isoform G;Phosphatidate phosphatase;Lipin, isoform E;Lipin, isoform L;Phosphatidate phosphatase;Lipin isoform J;Phosphatidate phosphatase",CG8709;CG8709-RH;Lpin,7.1074,6.4111,6.5689,7.0317,6.9838,7.0929,6.9903,6.9297,0.5726999999999993,1,0,0.024390243902439025,0.009259259259259259,0.015130984643179766,0.005263157894736842
FBgn0032943,Tetraspanin,Tsp39D,6.5998,5.9542,6.5078,6.2868,6.5248,6.5477,6.3144,6.6733,0.5705999999999998,0,1,0.026422764227642278,0.009259259259259259,0.01716350496838302,0.005263157894736842
FBgn0261934,"Dikar, isoform D;Dikar, isoform F;Dikar, isoform C",dikar,6.6394,6.8153,6.7749,6.8176,7.3691,7.3477,6.8414,6.8062,0.5538000000000007,0,0,0.026422764227642278,0.009259259259259259,0.01716350496838302,0.005263157894736842
FBgn0019985,"Metabotropic glutamate receptor, isoform B;Metabotropic glutamate receptor",Glu-RA;mGluR,7.2728,7.0248,7.4832,7.4346,7.575,7.6286,7.1304,7.1874,0.5502000000000002,0,1,0.028455284552845527,0.009259259259259259,0.01919602529358627,0.005263157894736842
FBgn0263930,"Division abnormally delayed protein;Division abnormally delayed, isoform B",dally,7.0893,6.6359,6.4436,6.3724,7.1844,7.2403,6.9935,7.185,0.5484999999999998,0,1,0.03048780487804878,0.009259259259259259,0.02122854561878952,0.005263157894736842
FBgn0011288,Synaptosomal-associated protein 25,Snap25,8.2879,7.8896,7.7793,7.7102,8.4314,8.3836,8.061,8.223,0.5418000000000003,1,0,0.03048780487804878,0.010802469135802469,0.01968533574224631,0.0061403508771929825
8,Fasciclin-1,Fas1,9.0076,8.7838,8.8958,8.9571,9.3145,9.2934,9.3042,9.2487,0.5307000000000013,0,0,0.03048780487804878,0.010802469135802469,0.01968533574224631,0.0061403508771929825
FBgn0028523,RT10185p (Fragment);GH08155p,CG5888-RA;CT18477,7.0689,6.6251,6.5162,6.5157,7.1459,7.1554,6.9223,6.9836,0.5208000000000004,0,1,0.032520325203252036,0.010802469135802469,0.021717856067449567,0.0061403508771929825
FBgn0039064,"Uncharacterized protein, isoform B",CG13825;CG4467;CG4467-RA;Dmel\CG4467,7.8779,7.8383,7.7327,7.9176,8.3575,8.3781,8.0823,8.0599,0.5191999999999997,0,1,0.034552845528455285,0.010802469135802469,0.023750376392652817,0.0061403508771929825
FBgn0039705,"Autophagy-related 16, isoform F;Autophagy-related 16, isoform C",Atg16;CG31033-RB;CG31033-RE,8.0922,7.8045,7.7632,8.2051,8.3222,8.4133,8.175,8.0939,0.5177000000000005,0,0,0.034552845528455285,0.010802469135802469,0.023750376392652817,0.0061403508771929825
FBgn0053543,RE72871p;IP08311p (Fragment);Uncharacterized protein,CG33543-RC;CT35363,7.1326,6.728,6.6114,6.4433,7.2412,7.3119,7.0109,7.2193,0.5132000000000003,0,1,0.036585365853658534,0.010802469135802469,0.025782896717856066,0.0061403508771929825
FBgn0029867,RH38929p;GM08802p;LD24968p,CG3847;Dmel\CG3847,5.8408,6.1512,6.3713,6.276,6.6516,6.7123,6.2364,6.0304,0.5004,1,0,0.036585365853658534,0.012345679012345678,0.024239686841312856,0.007017543859649123
3583,Phosphomannomutase,Pmm2,5.8478,5.1697,4.3256,5.8483,5.6635,5.5449,6.6312,5.3812,0.49380000000000024,0,0,0.036585365853658534,0.012345679012345678,0.024239686841312856,0.007017543859649123
FBgn0039647,"Julius seizure, isoform D;GH11945p",jus,7.4426,7.0942,7.2625,7.1242,7.5877,7.6634,7.7036,7.8308,0.49350000000000005,0,1,0.03861788617886179,0.012345679012345678,0.026272207166516112,0.007017543859649123
FBgn0030251,Poly(U)-specific endoribonuclease homolog;Poly(U)-specific endoribonuclease,CG2145;Dmel\CG2145,7.4111,7.3083,7.3805,7.3604,7.797,7.773,7.5617,7.5213,0.4886999999999997,0,1,0.04065040650406504,0.012345679012345678,0.02830472749171936,0.007017543859649123
FBgn0005664,Drosocrystallin,Crys,8.239,7.2112,7.1827,6.9238,7.6968,7.4337,7.3119,7.7436,0.4855999999999998,0,1,0.042682926829268296,0.012345679012345678,0.030337247816922618,0.007017543859649123
FBgn0014020,Ras-like GTP-binding protein Rho1,Rho1,7.4188,7.378,7.3603,7.5859,7.8548,7.9266,7.6601,7.6406,0.4767999999999999,0,1,0.044715447154471545,0.012345679012345678,0.03236976814212587,0.007017543859649123
FBgn0029506,Tetraspanin;Tetraspanin,Tsp42Ee,7.9263,7.4344,7.7787,8.0656,7.9107,7.9239,6.8937,7.1728,0.47630000000000017,0,1,0.046747967479674794,0.012345679012345678,0.034402288467329116,0.007017543859649123
FBgn0039332,RT10118p (Fragment);Astrocytic leucine-rich repeat molecule,alrm;CG11910-RA,6.8385,6.5805,6.5738,6.5903,7.0557,7.0855,6.8971,7.0066,0.47520000000000007,0,1,0.04878048780487805,0.012345679012345678,0.03643480879253237,0.007017543859649123
FBgn0017566,"NADH-ubiquinone oxidoreductase 75 kDa subunit, mitochondrial;NADH-ubiquinone oxidoreductase 75 kDa subunit, mitochondrial (Fragment);NADH-ubiquinone oxidoreductase 75 kDa subunit, mitochondrial",ND-75;ND75,7.8372,7.4843,7.4131,7.5436,7.956,7.9511,7.7672,7.7938,0.47170000000000023,0,0,0.04878048780487805,0.012345679012345678,0.03643480879253237,0.007017543859649123
1271,"Fasciclin 3, isoform G",Fas3,7.0237,6.6852,6.5065,6.532,7.1425,7.1471,6.9285,7.0856,0.45730000000000004,0,0,0.04878048780487805,0.012345679012345678,0.03643480879253237,0.007017543859649123
FBgn0051660,"Smog, isoform C",smog,7.2507,7.0864,7.1461,7.2271,7.5425,7.6437,7.1707,7.1102,0.45610000000000017,0,1,0.0508130081300813,0.012345679012345678,0.03846732911773562,0.007017543859649123
FBgn0085451,"Hat-trick, isoform D;Hat-trick, isoform C",htk,6.4902,5.8577,6.4482,6.2696,6.3083,6.3345,6.4621,6.2741,0.45059999999999967,1,0,0.0508130081300813,0.013888888888888888,0.03692411924119241,0.007894736842105263
FBgn0034588,RH02475p,Dmel\CG9394,7.9887,7.8914,7.6324,7.7788,8.3415,8.3943,8.1185,8.2294,0.45009999999999994,0,1,0.052845528455284556,0.013888888888888888,0.03895663956639567,0.007894736842105263
FBgn0262509,"MIP14196p;MIP14396p (Fragment);Neuromusculin, isoform E;FI21256p1;Neuromusculin, isoform H;Neuromusculin, isoform I;Neuromusculin, isoform B;Neuromusculin;Neuromusculin, isoform A",nrm;nrm-RA;nrm-RB,6.7205,6.3138,6.1507,6.1482,6.7634,6.812,6.5198,6.6954,0.4496000000000002,0,1,0.054878048780487805,0.013888888888888888,0.04098915989159892,0.007894736842105263
FBgn0259210,"Prominin, isoform E;IP13255p;Prominin, isoform D;Prominin;Prominin, isoform C",prom,7.1872,7.0761,6.9437,7.122,7.519,7.4046,7.3927,7.3751,0.44289999999999985,0,1,0.056910569105691054,0.013888888888888888,0.043021680216802166,0.007894736842105263
FBgn0264006,"Dyschronic, isoform G",CG17368;CG32132;CG32132-RA;CG34400-RF;dysc,7.5522,7.2922,6.8941,7.6854,7.7345,7.8208,7.7365,7.4451,0.44229999999999947,0,0,0.056910569105691054,0.013888888888888888,0.043021680216802166,0.007894736842105263
FBgn0027865,Tetraspanin;Tetraspanin,Tsp96F,7.073,6.8663,6.7503,6.7862,7.3034,7.4273,7.1072,7.2712,0.43710000000000004,0,1,0.05894308943089431,0.013888888888888888,0.04505420054200542,0.007894736842105263
FBgn0267435,"Chaoptin, isoform C;Chaoptin, isoform F;Chaoptin, isoform D;Chaoptin, isoform E;RT10219p (Fragment);GH20134p;RT11146p (Fragment);Chaoptin",chp;chp-RA,8.4239,8.3688,8.4167,8.4691,8.8021,8.564,8.6834,8.7106,0.43329999999999913,0,1,0.06097560975609756,0.013888888888888888,0.04708672086720867,0.007894736842105263
3326,"Gprs, isoform B;Serine-enriched protein;CG18471 (Fragment)",gprs,5.519,5.5283,5.5097,5.5757,5.9605,5.7004,6.6355,5.673,0.4321999999999999,0,0,0.06097560975609756,0.013888888888888888,0.04708672086720867,0.007894736842105263
FBgn0033504,"CAP, isoform B;CAP, isoform R",CAP,6.1916,5.7597,5.0944,5.2618,6.1897,6.0675,5.7755,6.6286,0.4300000000000006,0,0,0.06097560975609756,0.013888888888888888,0.04708672086720867,0.007894736842105263
3170,"LP12382p (Fragment);Translation factor waclaw, mitochondrial;AT19052p1 (Fragment)",waw;waw-RA,5.8878,5.6992,5.1974,5.9793,6.129,6.1669,5.9676,6.0153,0.4297999999999993,0,0,0.06097560975609756,0.013888888888888888,0.04708672086720867,0.007894736842105263
FBgn0036762,Dihydrolipoyl dehydrogenase,E3,8.0237,7.9413,8.3376,8.3214,8.3627,8.406,8.094,8.1119,0.4214000000000002,0,0,0.06097560975609756,0.013888888888888888,0.04708672086720867,0.007894736842105263
FBgn0028342,"ATP synthase, delta subunit, isoform A",ATPsyndelta,7.0506,6.7061,6.8397,6.727,7.1183,6.9585,7.1479,7.0271,0.41219999999999946,1,0,0.06097560975609756,0.015432098765432098,0.04554351099066546,0.008771929824561403
FBgn0259685,"Crumbs, isoform C;Crumbs, isoform D;Protein crumbs;Protein crumbs, Isoform B",crb,6.9248,6.6719,6.5287,6.8003,7.0802,7.0035,6.9413,7.0521,0.40829999999999966,0,1,0.06300813008130081,0.015432098765432098,0.04757603131586871,0.008771929824561403
FBgn0053481,"Defective proboscis extension response 7, isoform F;Defective proboscis extension response 7, isoform G",dpr7;dpr7-RC;dpr7-RD;HDC16683,6.6011,6.4049,6.3857,6.2082,6.8124,6.8694,6.657,6.9348,0.40750000000000064,0,1,0.06504065040650407,0.015432098765432098,0.049608551641071974,0.008771929824561403
FBgn0025936,Receptor protein-tyrosine kinase;Receptor protein-tyrosine kinase;Receptor protein-tyrosine kinase;Receptor protein-tyrosine kinase;Receptor protein-tyrosine kinase,Eph;Eph-RC,6.8872,6.8804,7.1292,7.1847,7.2865,7.3023,7.0867,6.9924,0.40610000000000035,0,1,0.06707317073170732,0.015432098765432098,0.05164107196627522,0.008771929824561403
FBgn0260934,Non-specific serine/threonine protein kinase,KP78a;par-1,6.0908,6.0432,6.0123,6.2426,6.4466,6.3762,6.4423,6.3915,0.4034000000000004,0,0,0.06707317073170732,0.015432098765432098,0.05164107196627522,0.008771929824561403
FBgn0010217,"ATP synthase subunit beta;ATP synthase subunit beta, mitochondrial;ATP synthase subunit beta",ATPsyn-beta-RA;ATPsynbeta,8.0129,7.7734,8.0129,8.0517,8.1764,8.2425,7.9706,8.0042,0.4029999999999996,1,0,0.06707317073170732,0.016975308641975308,0.05009786208973201,0.009649122807017544
FBgn0002936,"Peptidyl-prolyl cis-trans isomerase, rhodopsin-specific isozyme;Peptidyl-prolyl cis-trans isomerase",ninaA,6.6308,6.7257,6.579,6.7221,7.1236,7.004,6.6336,6.7803,0.3978999999999999,0,0,0.06707317073170732,0.016975308641975308,0.05009786208973201,0.009649122807017544
FBgn0259110,"Mind-meld, isoform E",CG9163;CG9163-RA;mmd,7.0791,7.0561,7.311,7.1323,7.4524,7.4741,7.4203,7.3026,0.3963000000000001,0,1,0.06910569105691057,0.016975308641975308,0.05213038241493526,0.009649122807017544
FBgn0034718,Protein windpipe,wdp,6.5857,6.1141,6.0163,5.7856,6.508,6.4973,6.4529,6.4159,0.39390000000000036,0,1,0.07113821138211382,0.016975308641975308,0.05416290274013851,0.009649122807017544
FBgn0013303,Neurocalcin homolog,Nca,6.7977,6.5801,5.1557,6.5083,6.9711,7.029,6.8371,7.0571,0.391,0,0,0.07113821138211382,0.016975308641975308,0.05416290274013851,0.009649122807017544
FBgn0037891,"Dihydrolipoyllysine-residue succinyltransferase component of 2-oxoglutarate dehydrogenase complex, mitochondrial",alpha-KGDHC,7.9265,8.2967,8.4205,8.4923,8.6865,8.571,8.3406,8.0817,0.38980000000000103,1,0,0.07113821138211382,0.018518518518518517,0.0526196928635953,0.010526315789473684
FBgn0032021,Protein quiver,Dmel\CG7781,7.1162,6.5544,6.6079,6.5094,6.944,7.0099,6.9193,7.0495,0.3895999999999997,0,1,0.07317073170731707,0.018518518518518517,0.05465221318879855,0.010526315789473684
FBgn0015400,IP03113p (Fragment);RT09990p (Fragment);KEK2 (Fragment);CG4977 (Fragment);Kekkon 2,kek2;kek2-RA,6.8124,6.3502,6.2919,6.3485,6.7394,6.8005,6.6481,6.7005,0.38919999999999977,0,1,0.07520325203252033,0.018518518518518517,0.056684733514001814,0.010526315789473684
FBgn0036624,LD09503p;LD37257p,CG4877;RAF2,6.7467,6.3719,6.9624,6.7647,6.7602,6.7854,6.3249,5.9721,0.3883000000000001,0,0,0.07520325203252033,0.018518518518518517,0.056684733514001814,0.010526315789473684
FBgn0034476,Toll-like receptor 7,CG8595;Toll-7;Toll-7-RA,6.127,5.7184,5.9057,5.9275,6.1066,6.1732,5.9296,6.0258,0.3882000000000003,0,1,0.07723577235772358,0.018518518518518517,0.058717253839205064,0.010526315789473684
FBgn0041604,"Dally-like, isoform C;Dally-like protein;Dally-like, isoform A",dlp,7.0719,6.6877,6.7027,6.8182,7.0716,7.0723,6.9127,6.9883,0.3838999999999997,0,1,0.07926829268292683,0.018518518518518517,0.06074977416440831,0.010526315789473684
FBgn0017545,40S ribosomal protein S3a,RpS3A,7.882,7.6191,7.5561,7.868,8.0013,8.045,7.7546,7.7688,0.3822000000000001,0,0,0.07926829268292683,0.018518518518518517,0.06074977416440831,0.010526315789473684
FBgn0036619,Cuticular protein 72Ec,Cpr72Ec,7.0743,6.2785,6.3441,6.2692,6.655,6.4539,6.5946,6.584,0.37650000000000006,0,1,0.08130081300813008,0.018518518518518517,0.06278229448961156,0.010526315789473684
FBgn0031016,"Kekkon5;Kekkon 5, isoform A",kek5,5.9481,5.8874,5.9463,5.8229,6.2614,6.2718,6.1777,6.1777,0.37399999999999967,0,1,0.08333333333333333,0.018518518518518517,0.06481481481481481,0.010526315789473684
FBgn0000464,Protein-tyrosine-phosphatase;Protein-tyrosine-phosphatase;Protein-tyrosine-phosphatase;Protein-tyrosine-phosphatase;Protein-tyrosine-phosphatase;Protein-tyrosine-phosphatase;Tyrosine-protein phosphatase Lar,;Lar,6.6727,6.6928,6.5205,6.7226,7.0646,7.1217,6.896,6.8009,0.37180000000000035,0,1,0.08536585365853659,0.018518518518518517,0.06684733514001807,0.010526315789473684
FBgn0032946,"Nervana 3, isoform E",nrv3,8.2218,8.0764,8.088,8.1151,8.4476,8.4286,8.2354,8.344,0.3712,0,1,0.08739837398373984,0.018518518518518517,0.06887985546522132,0.010526315789473684
FBgn0024238,Fimbrin,Fim;Fim-RC;Fim-RD;HDC19372,6.6254,6.3709,6.2645,6.4865,6.742,6.8644,6.5591,6.5423,0.3711000000000002,0,0,0.08739837398373984,0.018518518518518517,0.06887985546522132,0.010526315789473684
FBgn0034989,LP03102p,Dmel\CG3356,6.3416,6.2832,6.2511,6.4009,6.6502,6.6581,6.4419,6.4676,0.367,1,0,0.08739837398373984,0.020061728395061727,0.0673366455886781,0.011403508771929825
FBgn0028863,"Uncharacterized protein, isoform H",HDC02718;stol,8.411,8.0734,7.8414,7.9361,8.44,8.5317,8.349,8.4521,0.36660000000000004,0,1,0.08943089430894309,0.020061728395061727,0.06936916591388137,0.011403508771929825
3517,Coenzyme Q8,Coq8,5.729,5.4545,4.7744,5.9628,5.8195,5.8583,5.5,5.7478,0.3649999999999993,0,0,0.08943089430894309,0.020061728395061727,0.06936916591388137,0.011403508771929825
FBgn0004167,BetaH spectrin (Fragment),kst,5.8036,5.7426,5.7867,5.9636,6.1059,5.9985,6.1753,6.0449,0.36329999999999973,0,1,0.09146341463414634,0.020061728395061727,0.0714016862390846,0.011403508771929825
FBgn0038172,Adenosine deaminase,Adgf-D,7.8663,7.6939,7.6901,7.7213,8.0556,8.1343,7.8478,7.8624,0.3616999999999999,0,1,0.09349593495934959,0.020061728395061727,0.07343420656428787,0.011403508771929825
FBgn0051248,GH28833p,CG2640,6.7816,6.5124,6.8029,6.8697,6.8727,6.8739,6.6846,6.6616,0.3602999999999996,0,0,0.09349593495934959,0.020061728395061727,0.07343420656428787,0.011403508771929825
FBgn0038282,"Defective proboscis extension response 9, isoform A",dpr9,7.066,6.6175,6.6046,6.3827,6.9775,6.9875,7.0535,6.9859,0.3600000000000003,0,1,0.09552845528455285,0.020061728395061727,0.07546672688949113,0.011403508771929825
FBgn0002306,"Stranded at second, isoform D;RT11164p (Fragment);Putative epidermal cell surface receptor",sas;sas-RB,7.1555,6.8845,7.0962,7.0114,7.2434,7.2379,7.2573,7.1329,0.3589000000000002,0,1,0.0975609756097561,0.020061728395061727,0.07749924721469437,0.011403508771929825
FBgn0263603,"Zinc-finger protein at 72D, isoform B",Zn72D,7.1555,6.7996,7.054,7.0411,7.1553,7.2093,7.0799,6.972,0.35570000000000057,0,0,0.0975609756097561,0.020061728395061727,0.07749924721469437,0.011403508771929825
1969,"GH06592p (Fragment);AT10688p;AT14236p;Uncharacterized protein, isoform E;Uncharacterized protein, isoform D;Uncharacterized protein, isoform C;Uncharacterized protein, isoform A;LD45843p",CG18135-RA;CG18135-RC;CG18135-RD;Dmel\CG18135,6.3092,6.2687,6.7649,6.6401,6.6238,6.5771,6.5288,6.2539,0.3551000000000002,0,0,0.0975609756097561,0.020061728395061727,0.07749924721469437,0.011403508771929825
FBgn0000414,"Disabled, isoform F;Disabled, isoform D;Disabled, isoform I;Disabled, isoform G;Protein disabled",Dab;Dab-RB;Dab-RE,6.7518,6.6629,6.4088,6.8908,7.0144,7.0295,6.7536,6.977,0.3515000000000006,0,0,0.0975609756097561,0.020061728395061727,0.07749924721469437,0.011403508771929825
1806,"Keratin, type I cytoskeletal 42",;Krt20;KRT222;Krt31;KRT32;KRT35;KRT36;KRT37;KRT38;Krt42,6.8073,6.4691,6.4013,6.4219,6.8184,6.751,6.4469,6.4809,0.3492999999999995,0,0,0.0975609756097561,0.020061728395061727,0.07749924721469437,0.011403508771929825
FBgn0261804,Dipeptidase;Dipeptidase,CG31746;CG31786;CG7198,6.8702,6.6394,5.2979,6.58,6.9885,6.9609,6.8378,6.8026,0.34909999999999997,0,1,0.09959349593495935,0.020061728395061727,0.07953176753989763,0.011403508771929825
FBgn0026189,"Prominin-like, isoform E;Prominin-like protein",prominin-like;prominin-like-RA;promL,7.4155,6.9685,6.9051,6.8689,7.3169,7.33,7.2504,7.2151,0.3484000000000007,0,1,0.1016260162601626,0.020061728395061727,0.08156428786510087,0.011403508771929825
FBgn0264492,"Casein kinase IIalpha, isoform C;Casein kinase II subunit alpha",CkIIalpha,7.0653,6.9247,7.2625,7.1966,7.2727,7.3014,7.029,7.1864,0.34800000000000075,1,0,0.1016260162601626,0.021604938271604937,0.08002107798855766,0.012280701754385965
FBgn0086604,"Sidestep VIII, isoform B;Sidestep VIII, isoform D;RH73613p",;CG30143;side-VIII,7.9096,7.6679,7.3596,7.5022,8.0123,8.0436,7.7618,7.716,0.3443999999999994,0,1,0.10365853658536585,0.021604938271604937,0.08205359831376091,0.012280701754385965
FBgn0038975,"Neurexin 1, isoform A",Nrx-1,6.1495,6.3281,6.2273,6.1824,6.6722,6.7198,6.5036,6.2916,0.3441000000000001,0,1,0.10569105691056911,0.021604938271604937,0.08408611863896417,0.012280701754385965
FBgn0015777,"Nervana 2, isoform F;IP16413p;Sodium/potassium-transporting ATPase subunit beta-2;Isoform 2.1 of Sodium/potassium-transporting ATPase subunit beta-2",nrv2,8.5194,8.1842,8.1677,8.1484,8.5265,8.5781,8.4056,8.6157,0.3422999999999998,0,1,0.10772357723577236,0.021604938271604937,0.08611863896416742,0.012280701754385965
FBgn0003557,E3 ubiquitin-protein ligase;E3 ubiquitin-protein ligase Su(dx),Su(dx),6.6255,6.5461,5.9599,6.6909,6.8866,6.9245,6.677,6.8666,0.3404999999999996,1,0,0.10772357723577236,0.023148148148148147,0.08457542908762422,0.013157894736842105
1810,Complex I-B14,ND-B14,6.7847,6.2663,6.4435,6.4589,6.6066,6.5711,6.625,6.8233,0.34030000000000005,0,0,0.10772357723577236,0.023148148148148147,0.08457542908762422,0.013157894736842105
3762,GH28815p,Dmel\CG33722,5.5459,5.1567,3.9519,5.6515,5.4947,5.5756,5.1858,5.5363,0.3380000000000001,0,0,0.10772357723577236,0.023148148148148147,0.08457542908762422,0.013157894736842105
FBgn0036911,"GH16593p;AFGF intracellular binding protein;AFGF intracellular binding protein;Fibp, isoform K",CG8660;Fibp,6.0759,5.7138,5.7556,6.0461,6.0492,6.0684,5.902,6.3062,0.3353999999999999,0,0,0.10772357723577236,0.023148148148148147,0.08457542908762422,0.013157894736842105
FBgn0022985,"Quaking related 58E-2, isoform A",qkr58E-2,5.9316,5.7015,5.7012,5.8973,6.0368,6.0632,6.1517,6.0299,0.33530000000000015,0,0,0.10772357723577236,0.023148148148148147,0.08457542908762422,0.013157894736842105
3142,Bride of doubletime,Bdbt,6.12,5.7814,4.5952,6.3972,6.1145,6.0949,5.9136,6.1695,0.33309999999999995,0,0,0.10772357723577236,0.023148148148148147,0.08457542908762422,0.013157894736842105
FBgn0031670,"Selenoprotein T, isoform B;Thioredoxin reductase-like selenoprotein T homolog CG3887",SelT,6.7029,6.5209,6.8083,6.8791,6.8534,6.8967,6.7638,6.556,0.3324999999999996,0,0,0.10772357723577236,0.023148148148148147,0.08457542908762422,0.013157894736842105
FBgn0046704,"Liprin-alpha, isoform E;Liprin-alpha, isoform D;LD33094p",Liprin-alpha,7.349,7.0213,7.044,7.2223,7.3536,7.376,7.3537,7.3471,0.33230000000000004,0,0,0.10772357723577236,0.023148148148148147,0.08457542908762422,0.013157894736842105
FBgn0039089,"Beaten path IV, isoform B;Beaten path IV, isoform A",beat-IV,6.9919,6.4689,6.3463,6.3754,6.8008,6.8793,6.7989,6.9435,0.3319000000000001,0,1,0.10975609756097561,0.023148148148148147,0.08660794941282746,0.013157894736842105
3338,Exosome complex component RRP40,Rrp40,5.9267,5.4214,5.7803,5.4999,5.7533,5.77,6.1248,5.731,0.3319000000000001,0,0,0.10975609756097561,0.023148148148148147,0.08660794941282746,0.013157894736842105
FBgn0031818,LD47671p,Dmel\CG9536,7.1097,7.2768,7.4554,7.4229,7.6021,7.6559,7.1748,7.2,0.32530000000000037,0,0,0.10975609756097561,0.023148148148148147,0.08660794941282746,0.013157894736842105
FBgn0267849,LD23667p,Syx7,6.4384,6.3873,6.6046,6.5842,6.7122,6.7076,6.729,6.7539,0.3249000000000004,0,1,0.11178861788617886,0.023148148148148147,0.08864046973803072,0.013157894736842105
FBgn0039904,"Host cell factor;Host cell factor, Isoform F",Hcf,6.8725,6.8394,6.7458,7.0706,7.1641,7.1749,7.1294,7.0584,0.3247,1,0,0.11178861788617886,0.024691358024691357,0.0870972598614875,0.014035087719298246
FBgn0036202,"Uncharacterized protein, isoform G;RE53262p",CG6024;Dmel\CG6024,7.0763,7.108,7.1061,7.0918,7.4272,7.4871,7.2165,7.4194,0.3192000000000004,0,1,0.11382113821138211,0.024691358024691357,0.08912978018669075,0.014035087719298246
FBgn0034072,Alpha-dystroglycan;Alpha-dystroglycan,Dg,7.3928,6.9766,6.5225,6.85,7.2957,7.3387,7.1526,7.3501,0.3190999999999997,0,1,0.11585365853658537,0.024691358024691357,0.09116230051189401,0.014035087719298246
FBgn0010114,"RT02802p (Fragment);Locomotion-related protein Hikaru genki;Locomotion-related protein Hikaru genki, Isoform 1;Locomotion-related protein Hikaru genki, Isoform 2;Locomotion-related protein Hikaru genki, Isoform 4",;hig;hig-RC,7.6245,7.0449,6.9627,7.1137,7.3637,7.3991,7.4192,7.4902,0.31879999999999953,0,1,0.11788617886178862,0.024691358024691357,0.09319482083709726,0.014035087719298246
FBgn0260745,"MIP15217p;RH69422p;AT15809p (Fragment);AT25649p;Midline fasciclin;FI19380p1;Midline fasciclin, isoform F;Midline fasciclin, isoform E;Midline fasciclin, isoform H;GH11519p;Midline fasciclin, isoform C",mfas;mfas-RG;mfas-RJ;mfas-RK;mfas-RO,7.4859,6.9887,7.1498,6.979,7.3066,7.3698,7.491,7.4945,0.31790000000000074,0,1,0.11991869918699187,0.024691358024691357,0.09522734116230051,0.014035087719298246
1826,HDC08474,HDC08474,6.7469,6.3271,6.4837,6.3661,6.6439,6.5961,6.6658,6.684,0.31680000000000064,0,0,0.11991869918699187,0.024691358024691357,0.09522734116230051,0.014035087719298246
FBgn0259227,IP14232p,;CG14714;CG18479,6.7048,6.3672,6.4448,6.2961,6.6822,6.7571,6.7473,6.8248,0.3149999999999995,0,0,0.11991869918699187,0.024691358024691357,0.09522734116230051,0.014035087719298246
FBgn0263456,"Protein nervous wreck;Protein nervous wreck, Isoform 2;Protein nervous wreck, Isoform 3;Protein nervous wreck, Isoform 4;Protein nervous wreck, Isoform 5;Protein nervous wreck, Isoform 6;Protein nervous wreck, Isoform 7",nwk;nwk-RA,7.8861,7.5928,7.6234,7.5957,7.9066,7.919,7.8012,7.8257,0.31379999999999963,1,0,0.11991869918699187,0.026234567901234566,0.09368413128575731,0.014912280701754385
3663,SD11922p,Spn55B,5.3489,5.051,5.3941,5.3628,5.3643,5.3457,5.8099,5.9276,0.3132999999999999,0,0,0.11991869918699187,0.026234567901234566,0.09368413128575731,0.014912280701754385
FBgn0015399,"GM02380p1;KEK1;CG12283 (Fragment);SD01674p;Kekkon 1, isoform B",CG12283;kek1;kek1-RA,6.577,6.2322,6.253,6.206,6.5454,6.5681,6.6406,6.7516,0.31320000000000014,0,1,0.12195121951219512,0.026234567901234566,0.09571665161096055,0.014912280701754385
FBgn0010415,Syndecan;Syndecan,Sdc,7.3943,6.9966,7.1378,6.9793,7.3098,7.389,7.36,7.5684,0.31320000000000014,0,1,0.12398373983739837,0.026234567901234566,0.09774917193616381,0.014912280701754385
FBgn0001263,"Inactivation no afterpotential D, isoform B;MIP15238p;Inactivation-no-after-potential D protein",inaD;inaD-RA,7.6473,7.6916,7.7428,7.8216,8.0021,7.9215,7.8469,7.8604,0.3105000000000002,0,0,0.12398373983739837,0.026234567901234566,0.09774917193616381,0.014912280701754385
2037,Tetraspanin;Tetraspanin,Tsp42Ea,6.5029,6.4064,6.6082,6.5239,6.7162,6.6717,6.0298,6.2348,0.3098000000000001,0,0,0.12398373983739837,0.026234567901234566,0.09774917193616381,0.014912280701754385
FBgn0087005,RH04101p (Fragment);MORN repeat-containing protein 4 homolog,retinophilin-RB;rtp,6.7802,6.9782,7.029,7.0758,7.2876,7.2229,7.4741,7.4788,0.3094000000000001,0,0,0.12398373983739837,0.026234567901234566,0.09774917193616381,0.014912280701754385
FBgn0034724,"Babos, isoform A",babos,6.9861,6.272,6.2571,6.265,6.5807,6.5538,6.4165,6.5927,0.3087,0,1,0.12601626016260162,0.026234567901234566,0.09978169226136704,0.014912280701754385
FBgn0052600,"Defective proboscis extension response 8, isoform A",dpr8,6.6149,6.4275,6.4191,6.3072,6.736,6.7871,6.435,6.4127,0.30849999999999955,0,1,0.12804878048780488,0.026234567901234566,0.10181421258657031,0.014912280701754385
362,AT01058p (Fragment),;hts-RA,7.5404,7.6415,7.614,7.6315,7.9494,7.9678,7.4926,7.4441,0.30790000000000006,0,0,0.12804878048780488,0.026234567901234566,0.10181421258657031,0.014912280701754385
FBgn0000253,Calmodulin;AT15141p (Fragment);Calmodulin,Cam;Cam-RB,7.0015,6.4681,6.7361,6.5437,6.7727,6.7711,6.7827,6.9504,0.30460000000000065,1,0,0.12804878048780488,0.027777777777777776,0.1002710027100271,0.015789473684210527
FBgn0046685,Putative tyrosine-protein kinase Wsck,Wsck;Wsck-RA,7.3727,7.3201,7.5578,7.3171,7.6246,7.6333,7.4438,7.448,0.3045,0,1,0.13008130081300814,0.027777777777777776,0.10230352303523037,0.015789473684210527
FBgn0005775,"RT10551p (Fragment);RH30065p1;Connectin;Connectin, isoform B",Con;Con-RA,7.7059,7.6209,7.3166,7.5622,7.9246,7.9756,7.7195,7.6137,0.3037000000000001,0,1,0.13211382113821138,0.027777777777777776,0.1043360433604336,0.015789473684210527
2128,"Protein hu-li tai shao, Isoform C",hts,6.0822,6.2892,6.2309,6.5224,6.5913,6.7172,6.3546,6.5441,0.30210000000000026,0,0,0.13211382113821138,0.027777777777777776,0.1043360433604336,0.015789473684210527
FBgn0030796,"Uncharacterized protein, isoform D;RE65605p;GH09194p",CG4829;CG4829-RB;CG4829-RD;Dmel\CG4829,8.1004,7.5835,7.4999,7.4017,7.8852,7.9616,7.8169,7.9513,0.3017000000000003,0,1,0.13414634146341464,0.027777777777777776,0.10636856368563687,0.015789473684210527
FBgn0002940,Opsin Rh1,ninaE,7.1799,7.7131,7.7346,7.8319,8.0147,7.8966,7.7848,7.6466,0.30159999999999965,0,0,0.13414634146341464,0.027777777777777776,0.10636856368563687,0.015789473684210527
FBgn0259927,"Uncharacterized protein, isoform B;Uncharacterized protein, isoform A",CG32543,6.6877,6.9956,6.4474,6.9675,7.2968,7.3236,7.0659,6.9655,0.3012000000000006,0,0,0.13414634146341464,0.027777777777777776,0.10636856368563687,0.015789473684210527
FBgn0250908,Beaten path VII,beat-VII;beat-VII-RD,7.4806,7.3814,7.3542,7.2824,7.6826,7.7368,7.5348,7.6413,0.3011999999999997,0,1,0.13617886178861788,0.027777777777777776,0.1084010840108401,0.015789473684210527
2925,"Complexin, isoform S;Complexin, isoform U;Complexin, isoform V;Complexin, isoform W;Complexin;Complexin, Isoform C",;cpx;cpx-RC,6.2008,5.8917,5.9888,5.8469,6.1915,6.13,5.7472,6.0981,0.2997999999999994,0,0,0.13617886178861788,0.027777777777777776,0.1084010840108401,0.015789473684210527
FBgn0044328,"Uncharacterized protein, isoform C",CG8163;Dmel\CG32052,6.6325,6.4124,6.5832,6.3271,6.709,6.7407,6.5672,6.5358,0.29659999999999975,0,1,0.13821138211382114,0.027777777777777776,0.11043360433604336,0.015789473684210527
2968,"Tudor, isoform B;Maternal protein tudor",tud,5.9167,5.7497,5.9891,5.9858,6.046,5.948,6.2732,6.018,0.29630000000000045,0,0,0.13821138211382114,0.027777777777777776,0.11043360433604336,0.015789473684210527
FBgn0039157,"Myosin 95E, isoform E;Myosin 95E, isoform B;Myosin 95E, isoform D",Myo95E,6.81,6.6019,6.5052,6.7716,6.8977,6.9658,6.6984,6.9609,0.29580000000000073,0,0,0.13821138211382114,0.027777777777777776,0.11043360433604336,0.015789473684210527
FBgn0264975,"Neuroglian, isoform E;Neuroglian, isoform D;Neuroglian, isoform G;Neuroglian;Neuroglian, Isoform A",Nrg;Nrg-RC,8.6289,8.2079,7.936,7.9227,8.5005,8.5315,8.3173,8.3704,0.2926000000000002,0,1,0.1402439024390244,0.027777777777777776,0.11246612466124663,0.015789473684210527
2893,Protein-tyrosine-phosphatase;Protein-tyrosine-phosphatase;Protein-tyrosine-phosphatase;Protein-tyrosine-phosphatase;Protein-tyrosine-phosphatase,Ptp4E;Ptp4E-RC,6.1304,5.8244,6.043,5.9657,6.1164,6.0733,6.039,6.0246,0.2919999999999998,0,0,0.1402439024390244,0.027777777777777776,0.11246612466124663,0.015789473684210527
FBgn0037239,Sideroflexin-1-3,Sfxn1-3,6.5976,6.8874,6.7949,6.8367,7.1787,7.273,7.2245,6.7462,0.29129999999999967,1,0,0.1402439024390244,0.029320987654320986,0.11092291478470342,0.016666666666666666
FBgn0024943,Protein PIP82,CG11219;PIP82,6.8724,6.5183,6.474,6.5665,6.8094,6.824,6.7732,6.8124,0.29110000000000014,0,0,0.1402439024390244,0.029320987654320986,0.11092291478470342,0.016666666666666666
FBgn0004435,G protein alpha q subunit,Galphaq,7.3601,7.2285,7.3938,7.4475,7.5191,7.4157,7.4784,7.4926,0.2905999999999995,0,1,0.14227642276422764,0.029320987654320986,0.11295543510990666,0.016666666666666666
3445,"Frazzled, isoform C;FI24025p1;Frazzled, isoform B;RE24885p;RE12428p;Frazzled;Frazzled",fra;fra-RA,6.0203,5.5101,4.6652,5.6538,5.8002,5.8304,5.7956,6.0895,0.2900999999999998,0,0,0.14227642276422764,0.029320987654320986,0.11295543510990666,0.016666666666666666
FBgn0025697,"RH25769p;GH23019p;Scavenger receptor acting in neural tissue and majority of rhodopsin is absent, isoform A",santa-maria;santa-maria-RA,7.837,7.4479,7.3638,7.2767,7.7373,7.7516,7.5827,7.6424,0.28940000000000055,0,1,0.1443089430894309,0.029320987654320986,0.11498795543510992,0.016666666666666666
FBgn0261999,"Ca[2+] channel Muscle-specific alpha2/delta subunit, isoform A",Ca-Ma2d,6.392,6.717,6.1882,6.3946,7.0053,7.0806,6.6407,6.9281,0.28830000000000044,0,1,0.14634146341463414,0.029320987654320986,0.11702047576031316,0.016666666666666666
FBgn0039640,Aminopeptidase;Aminopeptidase,superdeath,6.8669,6.8022,6.8629,6.6687,7.0897,7.1162,6.9984,6.9751,0.28749999999999964,0,1,0.1483739837398374,0.029320987654320986,0.11905299608551642,0.016666666666666666
FBgn0267728,Off-track2,otk2,6.1842,5.7935,6.092,5.9648,6.0801,6.1074,6.144,6.1396,0.28659999999999997,0,1,0.15040650406504066,0.029320987654320986,0.12108551641071968,0.016666666666666666
FBgn0284252,Mitochondrial proton/calcium exchanger protein,Letm1,6.5324,6.3935,6.2829,6.5205,6.6798,6.7344,6.6108,6.5209,0.2862999999999998,1,0,0.15040650406504066,0.030864197530864196,0.11954230653417647,0.017543859649122806
FBgn0259108,"Futsch, isoform F;Microtubule-associated protein futsch",CG14772;futsch,8.4683,8.2266,8.1558,8.2016,8.5125,8.5334,8.3499,8.3679,0.2858999999999998,0,0,0.15040650406504066,0.030864197530864196,0.11954230653417647,0.017543859649122806
FBgn0034269,GH21176p,Hyccin,6.6903,6.7086,7.0073,7.2552,6.9944,6.9972,6.3915,6.5833,0.28580000000000005,0,0,0.15040650406504066,0.030864197530864196,0.11954230653417647,0.017543859649122806
FBgn0000064,Fructose-bisphosphate aldolase;Fructose-bisphosphate aldolase,Ald-RH;Ald-RI;Ald1,8.1458,7.8582,7.9987,8.0097,8.1437,8.1588,7.9489,8.0496,0.28550000000000075,0,0,0.15040650406504066,0.030864197530864196,0.11954230653417647,0.017543859649122806
FBgn0260995,Defective proboscis extension response 21,;dpr21;dpr6,7.4305,6.9563,6.9837,6.9487,7.2418,7.306,7.2321,7.4117,0.28549999999999986,0,1,0.1524390243902439,0.030864197530864196,0.1215748268593797,0.017543859649122806
FBgn0033196,GH15861p,Dmel\CG1358,7.6727,7.7624,7.7498,7.6848,8.047,8.0369,7.7952,7.852,0.2846000000000002,0,0,0.1524390243902439,0.030864197530864196,0.1215748268593797,0.017543859649122806
FBgn0051663,"Uncharacterized protein, isoform B;GH27779p",CG15359;Dmel\CG31663,7.166,7.4367,7.5078,7.5156,7.7201,7.7405,7.5177,7.5279,0.2834000000000003,0,0,0.1524390243902439,0.030864197530864196,0.1215748268593797,0.017543859649122806
FBgn0002031,Prohibitin;Protein l(2)37Cc,;l(2)37Cc,7.5601,7.0796,7.0753,7.4987,7.363,7.444,7.4334,7.4521,0.2834000000000003,1,0,0.1524390243902439,0.032407407407407406,0.12003161698283649,0.018421052631578946
FBgn0264302,"Uncharacterized protein, isoform B;GEO05642p1",wrm1,6.5199,6.0733,6.1511,6.0372,6.3567,6.3055,6.4446,6.3738,0.2834000000000003,0,0,0.1524390243902439,0.032407407407407406,0.12003161698283649,0.018421052631578946
FBgn0264339,G_PROTEIN_RECEP_F3_4 domain-containing protein,CG13556;Dmel\CG43795,7.1581,6.8816,6.558,6.8889,7.1645,7.1536,7.1771,7.1728,0.2829000000000006,0,1,0.15447154471544716,0.032407407407407406,0.12206413730803975,0.018421052631578946
FBgn0034583,Uncharacterized protein,CG10527;Dmel\CG10527,8.6016,8.3642,8.1838,8.109,8.647,8.654,8.4797,8.5267,0.28279999999999994,1,0,0.15447154471544716,0.033950617283950615,0.12052092743149655,0.01929824561403509
FBgn0086778,"Nicotinic acetylcholine receptor Dalpha7;RE30878p;Nicotinic acetylcholine receptor alpha7, isoform E;Nicotinic acetylcholine receptor subunit Dalpha7;Nicotinic acetylcholine receptor alpha7, isoform A",gfA-RA;nAChRalpha7;nAcRalpha18C,6.9377,6.8866,6.8559,6.8208,7.1678,7.2263,7.0427,7.0558,0.2812000000000001,0,1,0.1565040650406504,0.033950617283950615,0.12255344775669978,0.01929824561403509
1583,MIP14152p (Fragment),CG4587-RB,6.8142,6.5907,6.7046,6.4302,6.8704,6.8125,6.5011,6.8289,0.27970000000000006,0,0,0.1565040650406504,0.033950617283950615,0.12255344775669978,0.01929824561403509
FBgn0037440,"Carnitine O-Acetyl-Transferase, isoform E;Carnitine O-Acetyl-Transferase, isoform B;Carnitine O-Acetyl-Transferase, isoform A",CG1041-RB;CRAT;Dmel\CG5265,7.0794,7.1585,6.9968,7.4773,7.4352,7.4896,7.1307,7.1146,0.27669999999999995,0,0,0.1565040650406504,0.033950617283950615,0.12255344775669978,0.01929824561403509
2080,Fibroblast growth factor receptor homolog 1,htl,6.5136,6.1202,6.525,6.306,6.3958,6.4955,6.5233,6.5839,0.27560000000000073,0,0,0.1565040650406504,0.033950617283950615,0.12255344775669978,0.01929824561403509
FBgn0031390,THO complex subunit 2;THO complex subunit 2,tho2,6.9867,6.9528,7.3596,7.2188,7.2284,7.2713,7.2314,7.1819,0.27559999999999985,1,0,0.1565040650406504,0.035493827160493825,0.12101023788015658,0.02017543859649123
FBgn0037016,GM08106p;VWFC domain-containing protein,CG13252;Dmel\CG13252,6.7371,6.1099,5.7253,5.9186,6.3843,6.3987,6.1952,6.3423,0.2744,0,1,0.15853658536585366,0.035493827160493825,0.12304275820535984,0.02017543859649123
FBgn0083228,FI18190p1,Frq;Frq1;Frq2,6.4695,6.0016,5.1515,5.8979,6.2757,6.2732,6.2036,6.5041,0.2740999999999998,0,0,0.15853658536585366,0.035493827160493825,0.12304275820535984,0.02017543859649123
FBgn0083949,"Sidestep III, isoform O;Sidestep III, isoform P",;side-III,6.3849,6.0777,6.0573,5.9684,6.3512,6.3636,6.2991,6.3818,0.2735000000000003,0,1,0.16056910569105692,0.035493827160493825,0.1250752785305631,0.02017543859649123
FBgn0015609,"Neural-cadherin;Neural-cadherin, Isoform F",CadN;CadN-RB,7.7337,7.5821,7.4641,7.3948,7.8549,7.9343,7.81,7.796,0.27280000000000015,0,1,0.16260162601626016,0.035493827160493825,0.12710779885576634,0.02017543859649123
FBgn0266377,"3',5'-cyclic-AMP phosphodiesterase",Pde8;Pde8-RE,6.5757,6.6786,6.6533,6.7628,6.9502,6.9835,6.7187,6.6161,0.2715999999999994,0,0,0.16260162601626016,0.035493827160493825,0.12710779885576634,0.02017543859649123
2865,Defective proboscis extension response 20,dpr20,6.2034,5.899,5.8078,5.7817,6.1702,6.2148,6.0267,6.2253,0.27120000000000033,0,0,0.16260162601626016,0.035493827160493825,0.12710779885576634,0.02017543859649123
FBgn0000447,"Dihydroorotate dehydrogenase (quinone), mitochondrial",Dhod,6.2841,6.3589,6.5805,6.618,6.6299,6.6886,6.4497,6.5517,0.2709999999999999,0,0,0.16260162601626016,0.035493827160493825,0.12710779885576634,0.02017543859649123
FBgn0038156,"RT01315p (Fragment);Sidestep IV, isoform C",CG14372-RB;side-IV,6.4144,5.9279,6.0189,6.0825,6.1985,6.2522,6.2111,6.2133,0.27059999999999995,0,1,0.16463414634146342,0.035493827160493825,0.1291403191809696,0.02017543859649123
FBgn0004179,"IP16506p;Cysteine string protein, isoform F;Cysteine string protein, isoform D",Csp;Csp-RC,6.8164,6.7251,6.6444,6.6211,6.9953,7.0158,7.0055,7.0349,0.2702,0,1,0.16666666666666666,0.035493827160493825,0.13117283950617284,0.02017543859649123
FBgn0020907,Calcium-binding protein,Scp2,6.3311,6.0404,6.207,6.0243,6.3091,6.3349,6.3138,6.3915,0.26869999999999994,0,0,0.16666666666666666,0.035493827160493825,0.13117283950617284,0.02017543859649123
FBgn0001994,RE01132p;LD02349p;Activator protein 4,crp,6.179,5.8024,5.8557,5.9501,6.0703,6.1203,6.1351,6.1574,0.2679,1,0,0.16666666666666666,0.037037037037037035,0.12962962962962962,0.021052631578947368
3169,Uncharacterized protein,FOHSDR,6.0858,5.686,5.6692,5.7984,5.9535,5.9566,5.9905,5.9034,0.26750000000000007,0,0,0.16666666666666666,0.037037037037037035,0.12962962962962962,0.021052631578947368
2806,Guanine nucleotide-binding protein subunit gamma-1,Ggamma1,6.2393,5.8719,5.9451,5.9291,6.1392,6.1457,6.1948,6.1578,0.26729999999999965,0,0,0.16666666666666666,0.037037037037037035,0.12962962962962962,0.021052631578947368
FBgn0032479,LD10349p,CG16974;CG16974-RA;CT35580,6.1411,5.7805,5.8307,5.7215,6.0476,6.0349,6.1348,6.1734,0.2671000000000001,0,1,0.16869918699186992,0.037037037037037035,0.13166214995483289,0.021052631578947368
358,FI19456p1;Band 7 protein CG42540,CG13719;CG14192;CG32245;CG42540;CG42540-RD;CG7468;CG7633;Dmel\CG14644;NEST:bs06h05,8.4104,7.5224,6.3805,7.7279,7.7894,7.7673,8.203,7.5291,0.26699999999999946,0,0,0.16869918699186992,0.037037037037037035,0.13166214995483289,0.021052631578947368
FBgn0037676,"GH27383p;Uncharacterized protein, isoform B",CG8861;Dmel\CG8861,6.6555,6.4004,6.2291,6.3759,6.6665,6.7063,6.698,6.9316,0.2660999999999998,0,1,0.17073170731707318,0.037037037037037035,0.13369467028003615,0.021052631578947368
FBgn0038606,"Uncharacterized protein, isoform C;Uncharacterized protein, isoform B",Dmel\CG15803;lincRNA.804,6.2415,6.1186,6.3382,6.3363,6.384,6.3823,6.2993,6.466,0.2654000000000005,1,0,0.17073170731707318,0.038580246913580245,0.13215146040349293,0.021929824561403508
FBgn0035936,Tetraspanin,Tsp66E,7.2865,6.9768,7.0688,7.1161,7.2414,7.2628,7.1661,7.1986,0.2645999999999997,0,1,0.17276422764227642,0.038580246913580245,0.13418398072869617,0.021929824561403508
FBgn0052206,"RE21134p;FI20154p1;Uncharacterized protein, isoform E",CG14091;CG32206;CG9600,6.6304,6.9356,6.5883,6.8131,7.2001,7.2608,6.8982,6.825,0.26449999999999996,0,1,0.17479674796747968,0.038580246913580245,0.13621650105389943,0.021929824561403508
3387,Histone acetyltransferase;Histone acetyltransferase,Gcn5,5.7677,5.455,5.6427,5.7188,5.7187,5.8188,5.769,5.853,0.26370000000000005,0,0,0.17479674796747968,0.038580246913580245,0.13621650105389943,0.021929824561403508
FBgn0033631,Extracellular superoxide dismutase [Cu-Zn],Sod3,7.47,7.3755,7.236,7.2671,7.6391,7.679,7.537,7.4993,0.2636000000000003,0,1,0.17682926829268292,0.038580246913580245,0.13824902137910267,0.021929824561403508
FBgn0043806,RH42907p (Fragment);MIP21654p,BcDNA:RH42907;CG32032,8.6439,8.1196,7.5671,7.5225,8.3824,8.4047,8.0095,8.1347,0.26280000000000037,0,0,0.17682926829268292,0.038580246913580245,0.13824902137910267,0.021929824561403508
FBgn0265003,"Klaroid, isoform D;Klaroid, isoform E",koi,7.2162,6.8943,6.8434,6.7588,7.1551,7.0909,7.0255,7.1098,0.2607999999999997,0,0,0.17682926829268292,0.038580246913580245,0.13824902137910267,0.021929824561403508
FBgn0034083,Lambik;RT02475p (Fragment),lbk;lbk-RA,6.872,6.7605,6.8057,6.7254,7.0207,7.0702,6.9806,6.9244,0.2601999999999993,0,1,0.17886178861788618,0.038580246913580245,0.14028154170430593,0.021929824561403508
FBgn0020414,"Chitinase-like protein Idgf3;Imaginal disc growth factor 3, isoform D",Idgf3,6.6431,6.3621,6.3421,6.2881,6.6214,6.5917,6.6808,6.5688,0.25930000000000053,0,1,0.18089430894308944,0.038580246913580245,0.1423140620295092,0.021929824561403508
FBgn0261873,"Stardust, isoform G;Stardust, isoform L;Stardust, isoform J;Stardust, isoform M;Stardust, isoform H;RE05272p;Stardust, isoform E;Stardust protein MAGUK1 isoform;Stardust, isoform B;RE21473p;Stardust, isoform I;Stardust, isoform O;Stardust, isoform P",sdt,6.9086,6.9925,6.9845,7.1007,7.2507,7.2443,7.2241,7.068,0.25820000000000043,0,0,0.18089430894308944,0.038580246913580245,0.1423140620295092,0.021929824561403508
208,Isoform VI' of 14-3-3 protein zeta,14-3-3zeta;Egfr,7.9863,7.8243,7.8468,7.879,8.0823,8.033,7.8035,7.9408,0.258,0,0,0.18089430894308944,0.038580246913580245,0.1423140620295092,0.021929824561403508
2481,Retinin,retinin,6.8103,6.0743,6.0635,5.9494,6.3319,6.0777,6.1914,6.505,0.25760000000000005,0,0,0.18089430894308944,0.038580246913580245,0.1423140620295092,0.021929824561403508
FBgn0031627,Factor of interpulse interval,fipi,8.0182,8.0354,8.2011,8.264,8.2927,7.9786,8.0604,7.8733,0.25730000000000075,0,1,0.18292682926829268,0.038580246913580245,0.14434658235471243,0.021929824561403508
FBgn0031775,IP08675p (Fragment);Uncharacterized protein,CG9150;Dmel\CG9150,5.9371,6.2806,6.0406,6.1889,6.5368,6.4574,6.5388,6.4156,0.25620000000000065,0,0,0.18292682926829268,0.038580246913580245,0.14434658235471243,0.021929824561403508
FBgn0000017,Non-specific protein-tyrosine kinase;Non-specific protein-tyrosine kinase;Non-specific protein-tyrosine kinase;Non-specific protein-tyrosine kinase;Tyrosine-protein kinase Abl;Non-specific protein-tyrosine kinase,Abl,6.5615,6.1593,6.3706,6.3467,6.4144,6.3649,6.3559,6.4368,0.25509999999999966,1,0,0.18292682926829268,0.040123456790123455,0.1428033724781692,0.02280701754385965
FBgn0003011,Histamine-gated chloride channel subunit;Histamine-gated chloride channel subunit;Histamine-gated chloride channel subunit;Histamine-gated chloride channel alpha1 subunit,ort,6.3294,6.4277,6.4932,6.4087,6.6813,6.6808,6.2621,6.1997,0.2536000000000005,0,1,0.18495934959349594,0.040123456790123455,0.1448358928033725,0.02280701754385965
FBgn0038660,N-sulfoglucosamine sulfohydrolase,Sgsh,6.3945,5.9982,6.1061,5.9844,6.2517,6.1595,6.1901,6.3248,0.25349999999999984,0,0,0.18495934959349594,0.040123456790123455,0.1448358928033725,0.02280701754385965
FBgn0284408,"Terribly reduced optic lobes, isoform BC;Terribly reduced optic lobes, isoform AI",trol;trol-RE,8.3324,7.902,7.9707,7.8441,8.1551,8.0904,8.4685,8.6212,0.253099999999999,0,1,0.18699186991869918,0.040123456790123455,0.14686841312857574,0.02280701754385965
FBgn0027528,Protein gone early,goe,7.4123,7.349,7.3096,7.3042,7.6013,7.5978,7.5735,7.533,0.25229999999999997,0,1,0.18902439024390244,0.040123456790123455,0.14890093345377897,0.02280701754385965
789,MAP kinase-activating death domain protein,;rab3-GEF-RB,6.9345,7.0771,7.1645,7.2493,7.3289,7.3707,7.235,7.2654,0.25180000000000025,0,0,0.18902439024390244,0.040123456790123455,0.14890093345377897,0.02280701754385965
FBgn0037979,RE58741p;FI04457p,CG3532;GCC185,7.3983,7.2652,7.3395,7.2607,7.5168,7.5462,7.2949,7.4274,0.2515999999999998,0,0,0.18902439024390244,0.040123456790123455,0.14890093345377897,0.02280701754385965
2505,"GH01331p;Uncharacterized protein, isoform B",Dmel\CG1815,6.3508,6.0908,5.9891,6.1847,6.3415,6.3481,6.3505,6.2613,0.25070000000000014,0,0,0.18902439024390244,0.040123456790123455,0.14890093345377897,0.02280701754385965
FBgn0050158,FI21445p1,CG30158;Dmel\CG30158,7.0074,6.6746,6.8808,6.8408,6.9246,6.988,7.073,7.0243,0.25,0,0,0.18902439024390244,0.040123456790123455,0.14890093345377897,0.02280701754385965
FBgn0039277,RH20440p;FI20018p1,Nepl16,7.0442,7.0193,6.9949,6.8807,7.2693,7.3213,7.347,7.2311,0.25,0,1,0.1910569105691057,0.040123456790123455,0.15093345377898226,0.02280701754385965
FBgn0027343,"Frizzled 3, isoform B",fz3,7.4558,7.7132,7.9197,7.8435,7.9629,8.0716,7.6423,7.3874,0.2497000000000007,0,1,0.19308943089430894,0.040123456790123455,0.1529659741041855,0.02280701754385965
2317,"Dpr-interacting protein alpha, isoform B;Dpr-interacting protein alpha, isoform A",DIP-alpha,6.4789,6.0832,6.3464,6.1387,6.3319,6.3922,6.3893,6.4764,0.24870000000000037,0,0,0.19308943089430894,0.040123456790123455,0.1529659741041855,0.02280701754385965
FBgn0283521,"Longitudinals lacking protein, isoforms F/I/K/T",lola;lola-RQ,7.1035,7.0833,7.0268,7.0296,7.3317,7.358,7.1516,7.2387,0.2483999999999993,1,0,0.19308943089430894,0.041666666666666664,0.15142276422764228,0.02368421052631579
FBgn0032358,Lysosomal thioesterase PPT2 homolog,Ppt2,7.9389,7.9428,8.0294,8.0644,8.19,8.1349,7.6535,7.6531,0.24719999999999942,0,0,0.19308943089430894,0.041666666666666664,0.15142276422764228,0.02368421052631579
FBgn0051676,Protein quiver,Dmel\CG31676,7.0895,6.6798,6.5262,6.3796,6.9244,6.8794,6.7685,6.8295,0.24460000000000015,0,1,0.1951219512195122,0.041666666666666664,0.15345528455284554,0.02368421052631579
FBgn0014007,"Tyrosine-protein phosphatase 69D;Tyrosine-protein phosphatase 69D, Isoform B",Ptp69D;Ptp69D-RB,6.972,7.0415,6.7967,6.6459,7.2855,7.3203,7.0823,7.1457,0.24399999999999977,0,1,0.19715447154471544,0.041666666666666664,0.15548780487804878,0.02368421052631579
2975,"Uncharacterized protein, isoform C;GH25289p",CG11625;Dmel\CG31221,5.3038,5.9586,5.9127,5.5935,6.2024,6.1951,6.2989,6.4448,0.24380000000000024,0,0,0.19715447154471544,0.041666666666666664,0.15548780487804878,0.02368421052631579
FBgn0031285,Integral membrane protein 2,CG3662;Dmel\CG3662,6.5075,6.1106,5.8684,5.9038,6.3534,6.3988,6.1777,6.3868,0.2427999999999999,0,0,0.19715447154471544,0.041666666666666664,0.15548780487804878,0.02368421052631579
FBgn0032946,FI04632p,nrv3,7.762,7.6712,7.5588,7.5313,7.9134,7.9323,7.7677,7.9854,0.24220000000000041,0,1,0.1991869918699187,0.041666666666666664,0.15752032520325204,0.02368421052631579
FBgn0262728,"Peptidyl-alpha-hydroxyglycine-alpha-amidating lyase 2, isoform E;Peptidyl-alpha-hydroxyglycine alpha-amidating lyase 2",Pal2,6.866,6.4099,6.5844,6.5818,6.652,6.5985,6.6021,6.7685,0.24209999999999976,0,1,0.20121951219512196,0.041666666666666664,0.1595528455284553,0.02368421052631579
FBgn0264707,"Rho guanine nucleotide exchange factor 3, isoform M;Rho guanine nucleotide exchange factor 3, isoform L",RhoGEF3,6.4003,6.1699,6.4527,5.8287,6.4116,6.3984,6.3935,6.5458,0.2416999999999998,0,0,0.20121951219512196,0.041666666666666664,0.1595528455284553,0.02368421052631579
FBgn0034259,CG6459 protein;CG6459 protein,CG6459;P32,6.7978,6.4743,6.5598,6.5328,6.7159,6.714,6.4668,6.5716,0.24160000000000004,1,0,0.20121951219512196,0.043209876543209874,0.1580096356519121,0.02456140350877193
FBgn0000547,"LP04739p;RT01294p (Fragment);Echinoid, isoform C;Echinoid;Echinoid, isoform A",CG12676-RA;ed;ed-RA,6.5596,6.4231,6.3514,6.348,6.6647,6.6395,6.6395,6.5611,0.24160000000000004,0,1,0.2032520325203252,0.043209876543209874,0.16004215597711532,0.02456140350877193
FBgn0052230,GEO09626p1,ND-MLRQ,7.1987,7.0307,7.2013,7.0625,7.2718,7.2365,7.0625,7.3181,0.24109999999999943,0,0,0.2032520325203252,0.043209876543209874,0.16004215597711532,0.02456140350877193
3333,"Kekkon 6, isoform B;Kekkon 6, isoform A",kek6,6.1287,5.6698,5.5652,5.7993,5.9107,5.8443,5.2465,5.8729,0.2408999999999999,0,0,0.2032520325203252,0.043209876543209874,0.16004215597711532,0.02456140350877193
2743,"Notch, isoform B;Neurogenic locus Notch protein;Notch (Fragment);Notch (Fragment);Notch (Fragment);Notch (Fragment);Notch (Fragment);Notch (Fragment);Notch (Fragment);Notch (Fragment);Notch (Fragment);Notch (Fragment);LD34134p (Fragment);Notch (Fragment);Notch (Fragment);Notch (Fragment)",;N,6.1649,6.0433,5.9631,5.9542,6.2836,6.2877,6.1577,6.0922,0.24029999999999951,0,0,0.2032520325203252,0.043209876543209874,0.16004215597711532,0.02456140350877193
FBgn0263102,"Pipsqueak, isoform N;Pipsqueak, isoform Q;Pipsqueak, isoform O;Pipsqueak, isoform P;Pipsqueak, isoform A;Pipsqueak, isoform M;Pipsqueak, isoform J;Pipsqueak, isoform D;Pipsqueak protein;Pipsqueak protein;PsqB;LD33470p;PsqA",psq,6.2423,6.0568,5.9922,6.1122,6.297,6.3124,6.1536,6.049,0.24019999999999975,1,0,0.2032520325203252,0.044753086419753084,0.1584989461005721,0.02543859649122807
2597,LD36024p,Dmel\CG6398,6.1155,6.2464,5.9558,5.9627,6.4863,6.4579,6.3498,6.0183,0.23989999999999956,0,0,0.2032520325203252,0.044753086419753084,0.1584989461005721,0.02543859649122807
434,Nuclear protein MDM1,Dmel\CG17816,7.7089,7.4508,7.3481,7.3656,7.6896,7.6898,7.6046,7.6242,0.23880000000000035,0,0,0.2032520325203252,0.044753086419753084,0.1584989461005721,0.02543859649122807
FBgn0044323,"Connector of kinase to AP-1, isoform E;Connector of kinase to AP-1, isoform F;Connector of kinase to AP-1, isoform G;WD-40 family member protein;Connector of kinase to AP-1, isoform A",Cka,6.6205,6.4878,6.6044,6.6685,6.7255,6.7309,6.7162,6.8379,0.23770000000000024,1,0,0.2032520325203252,0.046296296296296294,0.15695573622402892,0.02631578947368421
2930,Stress-activated map kinase-interacting protein 1,Sin1,5.9493,5.8346,5.9152,6.0002,6.0723,6.1047,6.1497,6.0595,0.23770000000000024,0,0,0.2032520325203252,0.046296296296296294,0.15695573622402892,0.02631578947368421
3322,Phosphatidylinositol-glycan biosynthesis class X protein;Phosphatidylinositol-glycan biosynthesis class X protein;Phosphatidylinositol-glycan biosynthesis class X protein,CG30381-RB;PIG-X,5.832,5.4218,5.7192,5.6777,5.6587,5.5902,5.9589,6.2717,0.23689999999999944,0,0,0.2032520325203252,0.046296296296296294,0.15695573622402892,0.02631578947368421
FBgn0001142,"Glutamine synthetase;Glutamine synthetase 1, mitochondrial",Gs1,9.0452,8.8785,8.9337,8.9071,9.1145,9.1161,9.0674,9.1256,0.23599999999999888,1,0,0.2032520325203252,0.047839506172839504,0.1554125263474857,0.027192982456140352
FBgn0031830,"RH49324p (Fragment);Cytochrome c oxidase subunit 5B, isoform A",COX5B,7.3649,7.2535,5.6699,7.3095,7.4892,7.4467,7.1709,7.5944,0.23570000000000046,1,0,0.2032520325203252,0.04938271604938271,0.15386931647094249,0.028070175438596492
3304,"Adrenodoxin-like protein 2, mitochondrial",Fdx2,5.9516,5.5948,5.7701,5.6422,5.8305,5.8652,5.7083,5.8586,0.23569999999999958,0,0,0.2032520325203252,0.04938271604938271,0.15386931647094249,0.028070175438596492
3337,Aminoacyl-tRNA hydrolase,Dmel\CG17327,5.6249,5.556,5.719,5.862,5.7916,5.7959,5.8961,5.7695,0.2355999999999998,0,0,0.2032520325203252,0.04938271604938271,0.15386931647094249,0.028070175438596492
FBgn0036272,"RE15265p;Spermine synthase, isoform C",CG4300-RB;Sms,6.6618,7.004,7.197,7.1833,7.2388,7.2678,6.8502,6.94,0.23480000000000079,0,0,0.2032520325203252,0.04938271604938271,0.15386931647094249,0.028070175438596492
FBgn0031808,GH14621p;Neprilysin-like 5;FI24132p1 (Fragment),CG9507-RA;Nepl5,6.8473,6.5334,6.6571,6.4967,6.7682,6.8274,6.7343,6.8068,0.2347999999999999,0,1,0.20528455284552846,0.04938271604938271,0.15590183679614575,0.028070175438596492
FBgn0015790,FI09227p;Drab11;RH21315p,Rab11;Rab11-RB,6.7147,6.2411,6.346,6.3275,6.4748,6.4725,6.5638,6.5142,0.2336999999999998,0,1,0.2073170731707317,0.04938271604938271,0.15793435712134898,0.028070175438596492
FBgn0025839,Complex I-B14.5a;Complex I-B14.5a,ND-B14.5A,6.5943,6.3909,6.3963,6.3489,6.6244,6.5405,6.3674,6.4363,0.23349999999999937,0,0,0.2073170731707317,0.04938271604938271,0.15793435712134898,0.028070175438596492
FBgn0033205,Uncharacterized protein;FI07747p (Fragment);SD07613p,CG2064;CG2064-RA;Dmel\CG2064;Dmel\CG2065;Dmel\CG2070,5.4348,5.3621,5.619,5.5748,5.5938,5.6161,5.7337,5.8205,0.23170000000000002,0,0,0.2073170731707317,0.04938271604938271,0.15793435712134898,0.028070175438596492
FBgn0039257,Tenectin isoform 1,tnc,7.1717,6.8863,6.9038,6.893,7.1161,7.0692,6.922,6.8652,0.2298,0,1,0.20934959349593496,0.04938271604938271,0.15996687744655225,0.028070175438596492
FBgn0010222,"Methenyltetrahydrofolate cyclohydrolase;Bifunctional methylenetetrahydrofolate dehydrogenase/cyclohydrolase, mitochondrial;Bifunctional methylenetetrahydrofolate dehydrogenase/cyclohydrolase, mitochondrial, Isoform A",Nmdmc,6.6297,6.2912,6.4675,6.5122,6.5209,6.4792,6.5112,6.7672,0.22970000000000024,1,0,0.20934959349593496,0.05092592592592592,0.15842366757000903,0.02894736842105263
FBgn0031048,LP01149p,Dmel\CG12237,6.9935,6.8414,7.2506,7.1476,7.0711,7.0984,7.0933,7.1531,0.22970000000000024,0,0,0.20934959349593496,0.05092592592592592,0.15842366757000903,0.02894736842105263
FBgn0001105,"G protein beta-subunit 13F, isoform C;Guanine nucleotide-binding protein subunit beta-1",Gbeta13F,8.2032,8.3084,8.3885,8.2321,8.5373,8.5196,8.3957,8.3776,0.22889999999999944,0,1,0.21138211382113822,0.05092592592592592,0.1604561878952123,0.02894736842105263
2757,"Alpha2-adrenergic-like octopamine receptor, isoform B;Alpha2-adrenergic-like octopamine receptor, isoform C;Alpha2-adrenergic-like octopamine receptor, isoform A",Octalpha2R,5.9113,6.0538,6.0711,6.0815,6.2817,6.3554,5.9302,6.1984,0.2279,0,0,0.21138211382113822,0.05092592592592592,0.1604561878952123,0.02894736842105263
1391,GH05949p,15010468,7.0025,6.6941,6.7266,6.6741,6.9217,6.8412,6.8018,6.7669,0.2276000000000007,0,0,0.21138211382113822,0.05092592592592592,0.1604561878952123,0.02894736842105263
FBgn0015558,Protein tweety homolog;Protein tweety homolog;Protein tweety,tty,7.4817,7.1751,6.8904,7.1582,7.402,7.4742,7.5148,7.485,0.22690000000000055,0,1,0.21341463414634146,0.05092592592592592,0.16248870822041553,0.02894736842105263
FBgn0030293,FI19420p1,CG1737;Dmel\CG1737,6.5577,6.3272,6.3391,6.4439,6.5539,6.5697,6.5411,6.4904,0.22669999999999924,0,0,0.21341463414634146,0.05092592592592592,0.16248870822041553,0.02894736842105263
FBgn0030686,SD19562p;Mitochondrial ribosomal protein L3,mRpL3,6.0141,6.2858,6.4407,6.4833,6.5117,6.5484,6.4458,6.4703,0.2259000000000002,0,0,0.21341463414634146,0.05092592592592592,0.16248870822041553,0.02894736842105263
FBgn0029687,"VAMP-associated protein 33kDa, isoform A;LD30122p",CG5014;Vap33,7.6994,7.3403,7.4629,7.4454,7.5655,7.5676,7.5602,7.6824,0.22520000000000007,0,1,0.21544715447154472,0.05092592592592592,0.1645212285456188,0.02894736842105263
3221,"Alhambra, isoform N;Alhambra, isoform L;Alhambra, isoform O;Alhambra, isoform K;Alhambra, isoform P;Alhambra, isoform J;Alhambra, isoform F;Alhambra, isoform I;Alhambra, isoform H;IP15113p (Fragment);Alhambra;SD04152p;Alhambra, isoform M;LP05501p;Zinc finger/leucine zipper protein DALF isoform C3;Zinc finger/leucine zipper protein DALF isoform C1;AF10;Alhambra, isoform B;AF10",Alh;Alhambra,5.8011,5.636,5.9333,5.7328,5.8611,5.7851,5.8803,6.1194,0.2251000000000003,0,0,0.21544715447154472,0.05092592592592592,0.1645212285456188,0.02894736842105263
FBgn0001215,"Heterogeneous nuclear ribonucleoprotein at 98DE, isoform C;Heterogeneous nuclear ribonucleoprotein at 98DE, isoform F;RE34829p;AT02853p (Fragment);LD46071p (Fragment);Heterogeneous nuclear ribonucleoprotein A1;Heterogeneous nuclear ribonucleoprotein A1, Isoform A;Heterogeneous nuclear ribonucleoprotein A1, Isoform E;Heterogeneous nuclear ribonucleoprotein A1, Isoform D",Hrb98DE;Hrb98DE-RA;Hrb98DE-RC;Hrb98DE-RE,7.3321,7.0148,7.0958,7.1335,7.2391,7.1893,7.1563,7.0798,0.2242999999999995,1,0,0.21544715447154472,0.05246913580246913,0.16297801866907557,0.02982456140350877
FBgn0026575,"Hangover, isoform C;Zinc finger protein hangover;Zinc finger protein hangover, Isoform A",BcDNA:LD22118;hang,6.2075,6.5763,5.2572,6.414,6.8004,6.8461,6.8229,6.4248,0.22409999999999997,1,0,0.21544715447154472,0.05401234567901234,0.16143480879253239,0.03070175438596491
FBgn0010238,FI09235p;Lachesin,HDC05999;Lac;Lac-RB,6.6334,6.6724,6.7431,6.7289,6.8958,6.94,6.6407,6.5225,0.2234000000000007,0,1,0.21747967479674796,0.05401234567901234,0.16346732911773562,0.03070175438596491
FBgn0038149,GILT-like protein 1,GILT1,7.2836,7.0348,6.8134,6.9776,7.2575,7.2718,6.9199,7.1138,0.22270000000000056,0,1,0.21951219512195122,0.05401234567901234,0.16549984944293888,0.03070175438596491
FBgn0051195,MIP05539p,Dmel\CG31195,7.3235,7.1421,7.1131,7.1086,7.3643,7.3373,7.4346,7.3245,0.22219999999999995,0,1,0.22154471544715448,0.05401234567901234,0.16753236976814215,0.03070175438596491
3732,Protein PTOV1 homolog,CG13609,5.6413,4.9647,5.2989,5.4948,5.1862,5.2551,5.4356,5.3641,0.2215000000000007,0,0,0.22154471544715448,0.05401234567901234,0.16753236976814215,0.03070175438596491
3341,Kinesin-like protein,Kif3C,5.1019,6.3818,4.9644,6.5235,6.6028,6.5748,5.0605,4.7954,0.22100000000000009,0,0,0.22154471544715448,0.05401234567901234,0.16753236976814215,0.03070175438596491
2136,EG:86E4.4 protein,mip130,6.371,6.2568,6.3921,6.3918,6.4773,6.5423,6.5316,6.3491,0.22049999999999947,0,0,0.22154471544715448,0.05401234567901234,0.16753236976814215,0.03070175438596491
FBgn0016691,"ATP synthase subunit O, mitochondrial",ATPsynO;Oscp,7.3358,7.039,7.1098,7.0958,7.2593,7.2005,7.167,7.2802,0.22029999999999994,1,0,0.22154471544715448,0.05555555555555555,0.16598915989159893,0.031578947368421054
FBgn0033734,LD23856p,FBgn 33734,6.3948,6.1514,6.3916,6.3952,6.3716,6.4413,6.5436,6.517,0.22020000000000017,0,0,0.22154471544715448,0.05555555555555555,0.16598915989159893,0.031578947368421054
FBgn0005648,"Pabp2, isoform B;Polyadenylate-binding protein 2",Pabp2,6.0924,5.9339,5.8684,5.971,6.1532,6.1223,5.8123,5.9088,0.2192999999999996,1,0,0.22154471544715448,0.05709876543209876,0.16444595001505571,0.03245614035087719
FBgn0262782,Malate dehydrogenase;Malate dehydrogenase,Mdh1,7.536,7.3858,7.2124,7.3852,7.6047,7.3978,7.3414,7.3932,0.21890000000000054,0,0,0.22154471544715448,0.05709876543209876,0.16444595001505571,0.03245614035087719
453,"Band 7 protein CG42540, Isoform A",CG14192;CG32245;CG42540;CG7468;CG7633;Dmel\CG14644;NEST:bs06h05,7.2841,7.4205,7.6965,7.6316,7.639,7.6659,7.4636,7.5214,0.21850000000000058,0,0,0.22154471544715448,0.05709876543209876,0.16444595001505571,0.03245614035087719
FBgn0250789,"Alpha spectrin, isoform C;Alpha spectrin, isoform D;Alpha spectrin, isoform B;Spectrin alpha chain",alpha-Spec,8.6026,8.3418,8.265,8.2446,8.5586,8.5447,8.3658,8.3615,0.216800000000001,0,1,0.22357723577235772,0.05709876543209876,0.16647847034025895,0.03245614035087719
3144,ER membrane protein complex subunit 2;ER membrane protein complex subunit 2;ER membrane protein complex subunit 2,EMC2A;EMC2B,5.8898,5.7362,6.4987,6.457,5.9529,5.9972,5.2951,5.3564,0.21669999999999945,0,0,0.22357723577235772,0.05709876543209876,0.16647847034025895,0.03245614035087719
FBgn0037993,"RT01632p (Fragment);LP06602p;Defective proboscis extension response 15, isoform A",dpr15;dpr15-RA,6.5589,5.9485,5.9817,5.4523,6.1643,6.1597,6.09,5.9771,0.21579999999999977,0,1,0.22560975609756098,0.05709876543209876,0.1685109906654622,0.03245614035087719
FBgn0002783,"Moira, isoform B;Moira;Brahma associated protein 155 kDa",mor,7.0983,6.9345,6.998,6.9435,7.1503,7.1204,6.8988,6.9768,0.21579999999999977,1,0,0.22560975609756098,0.05864197530864197,0.166967780788919,0.03333333333333333
FBgn0033778,Beta-alanine transporter,Balat,8.0683,8.0376,8.5177,8.3971,8.2532,8.2967,7.7858,7.8202,0.21560000000000024,0,0,0.22560975609756098,0.05864197530864197,0.166967780788919,0.03333333333333333
FBgn0031904,LD15196p,Dmel\CG5149,6.7842,6.4828,6.6958,6.5826,6.6983,6.7037,6.5802,6.7214,0.21549999999999958,0,0,0.22560975609756098,0.05864197530864197,0.166967780788919,0.03333333333333333
FBgn0034972,IP13005p (Fragment);COesterase domain-containing protein,CG10339;Dmel\CG10339,6.0964,5.7404,5.8766,5.9335,5.9558,6.0413,6.1216,6.0081,0.2153999999999998,0,1,0.22764227642276422,0.05864197530864197,0.16900030111412223,0.03333333333333333
FBgn0261041,"Straightjacket, isoform D;Straightjacket, isoform C;SD07723p",stj;stj-RB,6.6054,6.497,6.0992,6.4634,6.7108,6.7404,6.7055,6.735,0.2138,0,1,0.22967479674796748,0.05864197530864197,0.17103282143932552,0.03333333333333333
FBgn0051619,"RT01718p (Fragment);No long nerve cord, isoform D;No long nerve cord, isoform C;No long nerve cord, isoform A;GH19218p;No long nerve cord, isoform G;No long nerve cord, isoform F",CG31619;CG31619-RB;nolo,7.9763,7.9043,7.9781,7.9,8.1171,8.1585,7.9491,8.1154,0.21280000000000054,0,1,0.23170731707317074,0.05864197530864197,0.17306534176452876,0.03333333333333333
FBgn0037669,Insulator binding factor 2,Ibf2,6.2002,6.4657,6.3802,6.5826,6.6784,6.7251,6.1608,5.9643,0.2126999999999999,1,0,0.23170731707317074,0.06018518518518518,0.17152213188798557,0.034210526315789476
FBgn0014028,"Succinate dehydrogenase [ubiquinone] iron-sulfur subunit, mitochondrial",SdhB;SdhBL,8.3331,8.1824,8.2068,8.1493,8.395,8.391,8.2814,8.3525,0.21260000000000012,0,0,0.23170731707317074,0.06018518518518518,0.17152213188798557,0.034210526315789476
1,"Sodium/potassium-transporting ATPase subunit alpha, Isoform 5",;Atpalpha;Atpalpha-RD;JYalpha,9.5233,9.5484,9.6051,9.6165,9.7607,9.7554,9.5691,9.6918,0.21229999999999905,0,0,0.23170731707317074,0.06018518518518518,0.17152213188798557,0.034210526315789476
3113,"Uncharacterized protein, isoform F",CG16851;CG31846;CR31846;mdcds_2231,6.1252,5.6359,5.8747,5.8708,5.8469,5.8643,5.9779,6.1066,0.2109999999999994,0,0,0.23170731707317074,0.06018518518518518,0.17152213188798557,0.034210526315789476
FBgn0027654,"FI17328p1;J domain-containing protein;J domain-containing protein, Isoform A",jdp;jdp-RB,8.0297,7.6914,7.7571,7.8203,7.9015,7.9044,7.8549,7.9594,0.21010000000000062,0,0,0.23170731707317074,0.06018518518518518,0.17152213188798557,0.034210526315789476
FBgn0013799,"Deformed epidermal autoregulatory factor-1, isoform C;Deformed epidermal autoregulatory factor-1, isoform D;Deformed epidermal autoregulatory factor-1, isoform E;Deformed epidermal autoregulatory factor 1;Deformed epidermal autoregulatory factor-1, isoform B",Deaf1,6.6799,6.3317,6.3977,6.3427,6.5396,6.566,6.461,6.5481,0.20790000000000042,1,0,0.23170731707317074,0.06172839506172839,0.16997892201144235,0.03508771929824561
1553,"Shaw-like, isoform C;Shaw-like, isoform D",Shawl,6.5399,6.6386,6.5784,6.6572,6.8463,6.8978,6.6732,6.8405,0.2077,0,0,0.23170731707317074,0.06172839506172839,0.16997892201144235,0.03508771929824561
FBgn0001186,Phosphotransferase,CG3001;Hex-A,7.2418,7.0697,7.167,7.164,7.2772,7.3224,7.2366,7.3362,0.20749999999999957,0,0,0.23170731707317074,0.06172839506172839,0.16997892201144235,0.03508771929824561
FBgn0021764,"Sidekick, isoform G",sdk;sdk-RB,6.6302,6.4622,6.5233,6.4894,6.6696,6.6928,6.6867,6.7279,0.2073999999999998,0,1,0.23373983739837398,0.06172839506172839,0.1720114423366456,0.03508771929824561
FBgn0001987,FI18641p1;RE15719p;RE37203p,Gli,6.3562,6.7532,5.9831,6.5236,6.9603,6.9725,6.6267,6.7249,0.2071000000000005,0,1,0.23577235772357724,0.06172839506172839,0.17404396266184885,0.03508771929824561
FBgn0030854,"LD36501p;Uncharacterized protein, isoform B",CC4;Dmel\CG8289;Tsp42Ef,7.5932,7.1572,7.2697,7.2084,7.3642,7.3591,7.5337,7.5825,0.20700000000000074,0,0,0.23577235772357724,0.06172839506172839,0.17404396266184885,0.03508771929824561
2685,"IP13130p;Uncharacterized protein, isoform C;Uncharacterized protein, isoform B",Dmel\CG12502,5.9657,6.1344,6.2316,6.218,6.341,6.4065,6.0617,5.8429,0.2065999999999999,0,0,0.23577235772357724,0.06172839506172839,0.17404396266184885,0.03508771929824561
FBgn0259178,Inositol-polyphosphate 5-phosphatase;Inositol-polyphosphate 5-phosphatase;Inositol-polyphosphate 5-phosphatase;Inositol-polyphosphate 5-phosphatase;Inositol-polyphosphate 5-phosphatase,5PtaseI,7.0986,7.0424,6.4961,7.079,7.2486,7.2709,7.1892,7.1522,0.20619999999999994,0,0,0.23577235772357724,0.06172839506172839,0.17404396266184885,0.03508771929824561
267,"G protein alpha q subunit, Isoform A",11;14;Galphaq,7.8899,7.6417,7.7102,7.761,7.8474,7.8372,7.8288,7.9591,0.20570000000000022,0,0,0.23577235772357724,0.06172839506172839,0.17404396266184885,0.03508771929824561
FBgn0038494,"RT09992p (Fragment);Beaten path IIb, isoform C;Beaten path IIb, isoform A",beat-IIb;beat-IIb-RA,6.5318,6.3541,6.2853,6.1274,6.5597,6.5661,6.4815,6.4415,0.20560000000000045,0,1,0.23780487804878048,0.06172839506172839,0.17607648298705209,0.03508771929824561
FBgn0032833,"Cytochrome c oxidase subunit 4, isoform A",COX4,7.6323,7.6043,7.5934,7.6015,7.8096,7.8034,7.5897,7.526,0.20529999999999937,1,0,0.23780487804878048,0.06327160493827161,0.17453327311050887,0.035964912280701755
2338,"Uncharacterized protein, isoform C",Pripl4,6.524,6.2126,6.1122,6.2999,6.4177,6.4002,6.1581,6.4494,0.20509999999999984,0,0,0.23780487804878048,0.06327160493827161,0.17453327311050887,0.035964912280701755
FBgn0038881,"Uncharacterized protein, isoform C;Uncharacterized protein, isoform B;Uncharacterized protein, isoform D;LP06548p",Dmel\CG16791;R5_3R:17143989..17145881,6.4697,6.4472,6.331,6.3414,6.6513,6.6755,6.6515,6.5222,0.2041000000000004,0,0,0.23780487804878048,0.06327160493827161,0.17453327311050887,0.035964912280701755
FBgn0032688,"RE28759p;FI24106p1;Uncharacterized protein, isoform C;Uncharacterized protein, isoform B",CG15160;Dmel\CG15160,6.0402,5.7576,5.9249,5.7153,5.9609,6.0268,5.8319,6.2329,0.2032999999999996,0,0,0.23780487804878048,0.06327160493827161,0.17453327311050887,0.035964912280701755
FBgn0020647,"Putative Krueppel target gene protein;AT03104p;Krueppel target at 95D, isoform A",KrT95D;KrT95D-RA,6.9426,6.7434,6.8363,6.7129,6.9464,6.928,6.6521,6.8579,0.2029999999999994,0,0,0.23780487804878048,0.06327160493827161,0.17453327311050887,0.035964912280701755
3258,"LD18192p (Fragment);Uncharacterized protein, isoform A",;CG6700;Dmel\CG6700,5.8563,5.5935,5.8625,5.7061,5.7962,5.8675,5.948,5.9174,0.2027000000000001,0,0,0.23780487804878048,0.06327160493827161,0.17453327311050887,0.035964912280701755
FBgn0035817,CG7409,Dmel\CG7409,6.3663,6.0755,6.2348,6.1181,6.2782,6.2079,6.2619,6.2578,0.2027000000000001,0,0,0.23780487804878048,0.06327160493827161,0.17453327311050887,0.035964912280701755
2693,U2 snRNP auxiliary factor large subunit;U2 snRNP auxiliary factor large subunit;U2 snRNP auxiliary factor large subunit;Splicing factor U2AF 50 kDa subunit,U2af50,6.218,5.939,6.1069,6.0389,6.1413,6.1844,6.1953,6.3478,0.20230000000000015,0,0,0.23780487804878048,0.06327160493827161,0.17453327311050887,0.035964912280701755
FBgn0003423,"Proline dehydrogenase;Proline dehydrogenase;Proline dehydrogenase 1, mitochondrial, Isoform A;Proline dehydrogenase 1, mitochondrial, Isoform E",slgA,7.5997,8.0644,8.2361,8.2409,8.2662,8.2949,7.7428,7.7566,0.20180000000000042,1,0,0.23780487804878048,0.06481481481481481,0.17299006323396565,0.03684210526315789
FBgn0015776,FI04125p;Sodium/potassium-transporting ATPase subunit beta-1,nrv1,6.6086,6.0185,6.0754,6.0242,6.2201,6.1343,6.6362,6.7774,0.2016,0,1,0.23983739837398374,0.06481481481481481,0.17502258355916894,0.03684210526315789
2816,AT03885p;UPF0729 protein CG18508;RE34669p,CG18508;CG18508-RA;EG:140G11.3,6.505,5.8577,5.9208,6.1266,6.0589,5.9332,6.0943,6.0937,0.20120000000000005,0,0,0.23983739837398374,0.06481481481481481,0.17502258355916894,0.03684210526315789
FBgn0026479,Dynamin-1-like protein;Dynamin-1-like protein,Drp1,7.5867,7.4376,7.4967,7.5629,7.6377,7.655,7.4845,7.5304,0.20009999999999994,1,0,0.23983739837398374,0.06635802469135803,0.17347937368262573,0.037719298245614034
3122,Putative hydroxypyruvate isomerase,Gip,5.8984,5.7931,5.8772,5.9977,5.9931,5.984,5.7191,6.0027,0.20000000000000018,0,0,0.23983739837398374,0.06635802469135803,0.17347937368262573,0.037719298245614034
FBgn0031436,NADH dehydrogenase [ubiquinone] 1 alpha subcomplex subunit 12;NADH dehydrogenase [ubiquinone] 1 alpha subcomplex subunit 12,ND-B17.2,7.0449,6.7783,6.753,6.7462,6.977,6.9128,6.9572,7.013,0.19870000000000054,0,0,0.23983739837398374,0.06635802469135803,0.17347937368262573,0.037719298245614034
FBgn0030752,Cell cycle control protein 50A;Cell cycle control protein 50A;Cell cycle control protein 50A,CDC50,6.5648,6.4233,6.2796,6.3152,6.6218,6.6455,6.5918,6.7076,0.19850000000000012,0,0,0.23983739837398374,0.06635802469135803,0.17347937368262573,0.037719298245614034
FBgn0036927,(S)-3-amino-2-methylpropionate transaminase,CG7433-RB;Gabat,8.4486,8.1011,8.1451,8.1293,8.2995,8.342,8.1923,8.2491,0.19839999999999947,1,0,0.23983739837398374,0.06790123456790123,0.1719361638060825,0.03859649122807018
FBgn0031418,LD06553p,Dmel\CG3609,6.6496,6.3982,6.5441,6.5016,6.5964,6.5905,6.655,6.6485,0.19819999999999993,0,0,0.23983739837398374,0.06790123456790123,0.1719361638060825,0.03859649122807018
FBgn0010551,Prohibitin;Prohibitin;Prohibitin,Phb2,7.7505,7.4889,7.6187,7.6145,7.6871,7.738,7.68,7.7409,0.19819999999999993,1,0,0.23983739837398374,0.06944444444444445,0.1703929539295393,0.039473684210526314
FBgn0034877,"Levy, isoform A",levy,7.1901,6.9672,7.0834,6.9735,7.165,7.0669,7.2308,7.3401,0.19779999999999998,0,0,0.23983739837398374,0.06944444444444445,0.1703929539295393,0.039473684210526314
1127,"RH24252p (Fragment);GM10264p;Uncharacterized protein, isoform A",CG31063;CG42813-RA;CG6001,6.6118,7.0206,7.213,7.1522,7.2154,7.2417,6.6295,6.6547,0.19479999999999986,0,0,0.23983739837398374,0.06944444444444445,0.1703929539295393,0.039473684210526314
FBgn0035246,GH11843p,Dmel\CG13928,7.4152,7.2198,7.097,7.1799,7.4143,7.4203,7.2989,7.2194,0.19449999999999967,0,0,0.23983739837398374,0.06944444444444445,0.1703929539295393,0.039473684210526314
FBgn0029864,"Uncharacterized protein, isoform B;Uncharacterized protein, isoform A;Uncharacterized protein, isoform C",Dmel\CG15894,7.3105,6.9996,6.9099,7.1839,7.1935,7.1483,7.0193,7.1546,0.19390000000000018,0,0,0.23983739837398374,0.06944444444444445,0.1703929539295393,0.039473684210526314
3271,"RH14432p (Fragment);IP06940p;IP03612p (Fragment);Defective proboscis extension response 3, isoform B",CG15379;dpr3;dpr3-RA,5.9521,5.5909,5.544,5.6414,5.7847,5.89,6.117,5.9206,0.19379999999999953,0,0,0.23983739837398374,0.06944444444444445,0.1703929539295393,0.039473684210526314
FBgn0027581,"Uncharacterized protein, isoform B;Uncharacterized protein, isoform C;FI19824p1;BcDNA.GH06193",BcDNA.GH06193;Dmel\CG6191,6.49,6.1796,6.411,6.3786,6.3727,6.361,6.6223,6.5871,0.19310000000000027,0,0,0.23983739837398374,0.06944444444444445,0.1703929539295393,0.039473684210526314
1469,"SH2/SH3 adaptor protein;Dreadlocks, isoform A;Dreadlocks, isoform B",dock,6.7963,6.6622,6.5802,7.0401,6.8552,6.7941,6.7363,6.5866,0.19299999999999962,0,0,0.23983739837398374,0.06944444444444445,0.1703929539295393,0.039473684210526314
FBgn0030007,Phenylalanine--tRNA ligase alpha subunit,alpha-PheRS,6.8159,6.8132,6.9656,6.9474,7.0054,7.0505,6.8835,6.902,0.1921999999999997,1,0,0.23983739837398374,0.07098765432098765,0.16884974405299608,0.04035087719298246
FBgn0036208,FI03238p,CG10361;Dmel\CG10361,6.2575,6.3135,6.4983,6.4631,6.5054,6.5182,6.3346,6.5168,0.19189999999999952,0,0,0.23983739837398374,0.07098765432098765,0.16884974405299608,0.04035087719298246
1500,GEO10365p1;Low molecular weight phosphotyrosine protein phosphatase 1,primo-1;primo-1-RB,6.8083,6.6415,6.7528,6.6746,6.8333,6.843,6.7136,6.6542,0.19180000000000064,0,0,0.23983739837398374,0.07098765432098765,0.16884974405299608,0.04035087719298246
FBgn0250757,RE27406p,;CG14539;CG31090;CG8957,6.8142,6.7446,6.9141,6.8882,6.9364,6.9168,7.0226,6.9777,0.19179999999999975,0,0,0.23983739837398374,0.07098765432098765,0.16884974405299608,0.04035087719298246
FBgn0025463,Brahma-associated protein of 60 kDa,Bap60,5.7522,5.7827,5.8289,5.8231,5.9739,5.9067,5.8385,5.9914,0.19120000000000026,1,0,0.23983739837398374,0.07253086419753087,0.16730653417645286,0.0412280701754386
FBgn0038839,GH08630p,Ktl,7.8769,7.3665,7.4126,7.3533,7.5573,7.5616,7.5853,7.7396,0.19079999999999941,0,0,0.23983739837398374,0.07253086419753087,0.16730653417645286,0.0412280701754386
2967,"Calcium-binding mitochondrial carrier protein Aralar1, Isoform 3",aralar1;aralar1-RB,5.93,5.8189,6.01,6.0089,6.0094,6.1047,5.9326,6.12,0.1905000000000001,0,0,0.23983739837398374,0.07253086419753087,0.16730653417645286,0.0412280701754386
FBgn0262559,Malate dehydrogenase,Mdh2,8.2226,8.2283,8.3306,8.2669,8.4186,8.4621,8.1747,8.1778,0.1902999999999988,1,0,0.23983739837398374,0.07407407407407407,0.16576332429990967,0.042105263157894736
3477,"FI20231p1 (Fragment);Ferredoxin 1, isoform B;Adrenodoxin-like protein 1, mitochondrial",Fdx1;Fdxh-RB,5.4139,5.4884,5.797,5.4749,5.6781,5.8348,5.6023,5.8367,0.1896999999999993,0,0,0.23983739837398374,0.07407407407407407,0.16576332429990967,0.042105263157894736
FBgn0044324,"Chromator, isoform A;SD06626p",;Chro,6.9815,6.7596,6.7411,6.8573,6.9486,6.9365,6.883,6.9026,0.18900000000000006,1,0,0.23983739837398374,0.07561728395061729,0.16422011442336645,0.04298245614035088
FBgn0053145,Hexosyltransferase;Hexosyltransferase,GalT1,7.9367,7.6803,7.6928,7.5594,7.869,7.9176,7.8638,7.905,0.18869999999999987,0,1,0.241869918699187,0.07561728395061729,0.16625263474856972,0.04298245614035088
FBgn0263289,"Scribble, isoform N;Scribble, isoform T",scrib;scrib-RH,6.9355,6.8385,6.8544,6.8461,7.0272,7.0163,7.0099,7.0319,0.18869999999999987,0,0,0.241869918699187,0.07561728395061729,0.16625263474856972,0.04298245614035088
3315,FI14922p,Thd1;Thd1-RA,6.0315,5.5538,5.6267,5.6865,5.7421,5.8387,5.8354,5.8656,0.1882999999999999,0,0,0.241869918699187,0.07561728395061729,0.16625263474856972,0.04298245614035088
3743,Ribosome biogenesis protein WDR12 homolog;Ribosome biogenesis protein WDR12 homolog,CG6724;Dmel\CG6724,5.3785,5.0865,5.2859,5.2596,5.2748,5.2432,5.3927,5.5776,0.1882999999999999,0,0,0.241869918699187,0.07561728395061729,0.16625263474856972,0.04298245614035088
2439,"Cytochrome c oxidase assembly protein COX20, mitochondrial",l(3)87Df,5.7273,6.247,6.4124,6.5415,6.4351,6.4071,6.15,6.2338,0.18810000000000038,0,0,0.241869918699187,0.07561728395061729,0.16625263474856972,0.04298245614035088
2594,"RE08887p;NTPase, isoform F;FI18627p1",NTPase,6.2893,6.0399,6.1263,6.0602,6.2279,6.2804,6.2608,6.3152,0.18799999999999972,0,0,0.241869918699187,0.07561728395061729,0.16625263474856972,0.04298245614035088
FBgn0051118,RabX4,CG31118;RabX4,6.7169,6.4362,6.638,6.5648,6.6238,6.5925,6.6544,6.6692,0.18759999999999977,0,0,0.241869918699187,0.07561728395061729,0.16625263474856972,0.04298245614035088
FBgn0037754,FI18258p1,;Dmel\CG8500,6.7808,7.1506,7.2658,7.286,7.3381,7.3335,7.0064,6.9699,0.1875,0,0,0.241869918699187,0.07561728395061729,0.16625263474856972,0.04298245614035088
FBgn0036341,LD27581p,Syx13,6.4108,6.0382,6.078,6.0866,6.2255,6.22,6.3679,6.3952,0.18730000000000047,0,1,0.24390243902439024,0.07561728395061729,0.16828515507377295,0.04298245614035088
FBgn0039927,RE13419p;FI01405p,CG11155;DmelCG11155;Ekar,6.2065,6.4785,6.5997,6.5205,6.6656,6.6887,6.4911,6.4423,0.18710000000000004,0,1,0.2459349593495935,0.07561728395061729,0.17031767539897621,0.04298245614035088
FBgn0032242,Post-proline cleaving enzyme,CG5355,6.7518,6.9867,7.0407,7.0194,7.1737,7.1912,7.0446,6.6263,0.18700000000000028,0,0,0.2459349593495935,0.07561728395061729,0.17031767539897621,0.04298245614035088
FBgn0013762,Cyclin-dependent kinase 5 homolog,cdc2c-RC;Cdk2;Cdk5;Cdk9,6.7682,6.7897,6.9247,6.9147,6.9767,6.9767,6.8173,6.8967,0.18700000000000028,0,0,0.2459349593495935,0.07561728395061729,0.17031767539897621,0.04298245614035088
FBgn0000116,"Arginine kinase;Arginine kinase, Isoform A;Arginine kinase, Isoform B;Arginine kinase, Isoform C",;Argk,8.6357,8.3336,8.2327,8.2766,8.5202,8.4704,8.3787,8.446,0.18660000000000032,0,1,0.24796747967479674,0.07561728395061729,0.17235019572417945,0.04298245614035088
FBgn0037057,"FI03684p (Fragment);SD05439p1;Uncharacterized protein, isoform B;GH06154p;Uncharacterized protein, isoform A",CG10512;CG10512-RA;Dmel\CG10512,6.8473,6.6922,6.8633,6.7709,6.8787,6.9033,6.2366,6.5742,0.18650000000000055,0,0,0.24796747967479674,0.07561728395061729,0.17235019572417945,0.04298245614035088
2418,Multiple inositol polyphosphate phosphatase 1,Mipp1,6.7422,6.2367,5.9864,6.1295,6.4225,6.4469,6.1907,6.1126,0.1858000000000004,0,0,0.24796747967479674,0.07561728395061729,0.17235019572417945,0.04298245614035088
FBgn0250788,Spectrin beta chain,beta-Spec;beta-Spec-RA,8.0858,8.0811,8.1096,8.05,8.2668,8.2945,8.1544,8.1076,0.18570000000000064,0,1,0.25,0.07561728395061729,0.1743827160493827,0.04298245614035088
2424,"Defective proboscis extension response 11, isoform B",dpr11,6.4941,6.2029,6.0883,5.9798,6.3885,6.4256,6.2798,6.3686,0.1856,0,0,0.25,0.07561728395061729,0.1743827160493827,0.04298245614035088
FBgn0019957,"NADH dehydrogenase [ubiquinone] 1 alpha subcomplex subunit 10, mitochondrial;NADH dehydrogenase [ubiquinone] 1 alpha subcomplex subunit 10, mitochondrial",ND-42,7.9748,8.4569,8.6686,8.5981,8.6423,8.6879,8.4116,8.3291,0.18540000000000134,1,0,0.25,0.07716049382716049,0.1728395061728395,0.043859649122807015
FBgn0029709,"CHOp24, isoform A",CHOp24,6.6766,6.5676,6.6491,6.7302,6.753,6.7581,6.6803,6.7924,0.18540000000000045,0,0,0.25,0.07716049382716049,0.1728395061728395,0.043859649122807015
FBgn0037063,Inositol-1-monophosphatase,Dmel\CG9391,7.3131,7.0564,7.1346,7.2073,7.2416,7.2155,7.0887,7.1933,0.18520000000000003,1,0,0.25,0.0787037037037037,0.17129629629629628,0.04473684210526316
FBgn0016061,"Sidestep, isoform D;Sidestep, isoform C;Sidestep, isoform B;RT09994p (Fragment);Sidestep;Sidestep, isoform A",side;side-RB,6.9178,6.5225,6.4419,6.3896,6.7067,6.7719,6.6692,6.8573,0.1841999999999997,0,1,0.25203252032520324,0.0787037037037037,0.17332881662149952,0.04473684210526316
FBgn0035236,IP17403p,anon-EST:fe3A8,6.1963,6.4397,6.4467,6.4656,6.6238,6.6072,6.4517,6.408,0.18409999999999993,0,1,0.2540650406504065,0.0787037037037037,0.1753613369467028,0.04473684210526316
FBgn0261788,"Ankyrin 2, isoform U",Ank2;Ank2-RH;Ank2-RN,8.7234,8.7292,8.7676,8.7687,8.9132,8.9303,8.8112,8.7629,0.18399999999999928,0,1,0.25609756097560976,0.0787037037037037,0.17739385727190604,0.04473684210526316
FBgn0033737,IP16983p;Probable nucleoporin Nup54,CG8831;Nup54,6.4938,6.1721,6.2425,6.2628,6.3555,6.3484,6.3063,6.5046,0.18339999999999979,0,0,0.25609756097560976,0.0787037037037037,0.17739385727190604,0.04473684210526316
FBgn0004580,"Calbindin 53E, isoform B;Calbindin-32",Cbp53E,7.2491,6.8775,6.8221,6.8349,7.0607,7.053,6.9326,7.2196,0.18319999999999936,0,0,0.25609756097560976,0.0787037037037037,0.17739385727190604,0.04473684210526316
FBgn0262869,"Glial cell line-derived neurotrophic family receptor-like, isoform G;Glial cell line-derived neurotrophic family receptor-like, isoform E;Glial cell line-derived neurotrophic family receptor-like, isoform L",Gfrl;mun-RB,7.1205,6.9032,6.8585,6.8475,7.0861,7.157,6.3162,7.1827,0.18290000000000006,0,1,0.258130081300813,0.0787037037037037,0.17942637759710928,0.04473684210526316
FBgn0029958,GM14286p,Pdp,6.0428,5.9039,6.0464,6.0776,6.0868,6.1032,6.0864,5.9036,0.18290000000000006,1,0,0.258130081300813,0.08024691358024691,0.1778831677205661,0.0456140350877193
FBgn0014869,Phosphoglycerate mutase (Fragment);Phosphoglycerate mutase (Fragment);Phosphoglycerate mutase,Pglym78;Pglym87,7.7206,7.3955,7.5817,7.4266,7.5782,7.5395,7.5612,7.5787,0.18269999999999964,0,0,0.258130081300813,0.08024691358024691,0.1778831677205661,0.0456140350877193
FBgn0287825,"Vacuolar H[+] ATPase 44kD subunit, isoform F;V-type proton ATPase subunit C;V-type proton ATPase subunit C, Isoform A;V-type proton ATPase subunit C, Isoform C",Vha44,7.634,7.3176,7.3398,7.2602,7.5,7.4976,7.4288,7.4528,0.18240000000000034,0,0,0.258130081300813,0.08024691358024691,0.1778831677205661,0.0456140350877193
FBgn0025878,GH03113p;Wrapper protein,wrapper,7.4846,6.9817,6.8531,6.8418,7.1637,7.1917,7.2508,7.298,0.18200000000000038,0,1,0.2601626016260163,0.08024691358024691,0.17991568804576938,0.0456140350877193
3342,GEO08160p1 (Fragment);Vacuolar ATPase assembly integral membrane protein VMA21 homolog,;CG5969,5.5985,5.6161,5.6597,5.7998,5.7981,5.7503,5.9081,5.8711,0.1819999999999995,0,0,0.2601626016260163,0.08024691358024691,0.17991568804576938,0.0456140350877193
FBgn0004657,Integrin beta-PS;Integrin beta;Integrin beta,CG1560;mys,7.9932,7.4284,7.4567,7.4992,7.6103,7.6107,7.4561,7.5297,0.18189999999999973,0,1,0.2621951219512195,0.08024691358024691,0.18194820837097261,0.0456140350877193
FBgn0022382,cAMP-dependent protein kinase type II regulatory subunit,Pka-R2,7.3545,6.9287,7.0112,6.9872,7.1105,7.0952,7.1295,7.1972,0.18179999999999996,0,1,0.26422764227642276,0.08024691358024691,0.18398072869617585,0.0456140350877193
FBgn0024941,LP21163p,RSG7,6.9525,7.1005,7.2359,7.1297,7.2818,7.3417,7.2136,7.2309,0.18129999999999935,0,0,0.26422764227642276,0.08024691358024691,0.18398072869617585,0.0456140350877193
FBgn0024277,"Trio, isoform D",trio;trio-RE,6.4546,6.6056,6.6016,6.6462,6.7865,6.8336,6.851,6.7944,0.18090000000000028,0,0,0.26422764227642276,0.08024691358024691,0.18398072869617585,0.0456140350877193
FBgn0261885,"Osa, isoform F;Osa, isoform E;Osa, isoform D;Osa, isoform C;Trithorax group protein osa",osa;osa-RC,6.6941,6.6297,6.596,6.6269,6.8101,6.8782,6.8138,6.8487,0.18040000000000056,1,0,0.26422764227642276,0.08179012345679013,0.18243751881963263,0.04649122807017544
FBgn0027108,Innexin;Innexin inx2,Inx2,7.9422,8.1832,8.3655,8.2978,8.3635,8.3876,8.0978,7.8192,0.1803000000000008,0,0,0.26422764227642276,0.08179012345679013,0.18243751881963263,0.04649122807017544
FBgn0038853,FI04035p,RhoGAP93B,7.3416,7.1833,7.3509,7.3592,7.3635,7.4136,7.5188,7.4929,0.18020000000000014,1,0,0.26422764227642276,0.08333333333333333,0.18089430894308944,0.04736842105263158
3410,"Lap1, isoform B;Protein lap1",Lap1,5.8846,5.4819,5.6245,5.7017,5.662,5.6336,5.9771,5.641,0.18009999999999948,0,0,0.26422764227642276,0.08333333333333333,0.18089430894308944,0.04736842105263158
FBgn0035964,Dihydropteridine reductase,Dhpr,7.2769,6.8498,6.9384,6.8935,7.0297,7.0242,7.0565,7.0513,0.17989999999999995,0,0,0.26422764227642276,0.08333333333333333,0.18089430894308944,0.04736842105263158
FBgn0010473,"Turtle, isoform H",tutl;tutl-RD,7.8349,7.5952,7.275,7.4426,7.7743,7.8194,7.6682,7.7773,0.17910000000000004,0,1,0.266260162601626,0.08333333333333333,0.18292682926829268,0.04736842105263158
FBgn0031030,"Tao, isoform I;Serine/threonine-protein kinase Tao",Tao;Tao-1-RE,6.3774,6.4604,6.3434,6.6819,6.6392,6.7034,6.5548,6.6087,0.17879999999999985,0,1,0.2682926829268293,0.08333333333333333,0.18495934959349597,0.04736842105263158
FBgn0030791,"Uncharacterized protein, isoform C;NECAP-like protein CG9132",CG9132;Dmel\CG9132,7.3107,7.5734,7.7011,7.6874,7.7518,7.7418,7.5873,7.5393,0.1783999999999999,0,0,0.2682926829268293,0.08333333333333333,0.18495934959349597,0.04736842105263158
FBgn0038593,GH10703p,Vps39,6.325,6.0795,6.3412,6.3899,6.2571,6.2563,6.3024,6.4336,0.17759999999999998,0,0,0.2682926829268293,0.08333333333333333,0.18495934959349597,0.04736842105263158
FBgn0004395,"Unkempt, isoform C;Unkempt, isoform D;Unkempt, isoform F;Unkempt, isoform G;RING finger protein unkempt",unk,6.3771,6.0337,6.1399,5.9747,6.2106,6.2465,6.2638,6.2538,0.17690000000000072,1,0,0.2682926829268293,0.08487654320987655,0.18341613971695275,0.04824561403508772
FBgn0020655,"ADP-ribosylation factor GTPase activating protein 1, isoform B;Putative ARF1 GTPase activating protein;ADP-ribosylation factor GTPase activating protein 1, isoform A",ArfGAP1,6.5846,6.3451,6.3531,6.4226,6.5215,6.5278,6.6012,6.6286,0.17639999999999922,0,0,0.2682926829268293,0.08487654320987655,0.18341613971695275,0.04824561403508772
FBgn0259213,"RT02374p (Fragment);IP05642p (Fragment);Sidestep II, isoform A",CG33515-RA;CG42313-RA;HDC02590;side-II,6.4077,6.0854,6.2056,5.9524,6.2614,6.2574,6.2054,6.3778,0.17600000000000016,0,1,0.2703252032520325,0.08487654320987655,0.185448660042156,0.04824561403508772
FBgn0001250,"Integrin alpha-PS2;Integrin alpha-PS2, Isoform PS2M8",;if,6.8434,6.4439,6.195,6.1032,6.6194,6.5975,6.4074,6.4438,0.17549999999999955,0,1,0.27235772357723576,0.08487654320987655,0.18748118036735922,0.04824561403508772
FBgn0027598,"CIN85 and CD2AP related, isoform G;CIN85 and CD2AP related, isoform F;CIN85 and CD2AP related, isoform E;CIN85 and CD2AP related, isoform J;SD08724p;CIN85 and CD2AP related, isoform D;CIN85 and CD2AP related, isoform A;CIN85 and CD2AP related, isoform C;BcDNA.GH03163",cindr,6.4274,6.3091,6.484,6.6359,6.4842,6.4359,6.5854,6.3035,0.17510000000000048,0,0,0.27235772357723576,0.08487654320987655,0.18748118036735922,0.04824561403508772
3563,LD23052p;Cadherin-99C,Cad99C,5.326,5.5309,5.6192,5.2999,5.7059,5.669,5.7823,5.6465,0.17499999999999982,0,0,0.27235772357723576,0.08487654320987655,0.18748118036735922,0.04824561403508772
FBgn0085382,"Uncharacterized protein, isoform C;Uncharacterized protein, isoform A;IP03437p (Fragment)",;CG5566,7.4084,7.4301,7.132,6.9877,7.605,7.6748,7.3483,7.2775,0.17490000000000006,0,1,0.27439024390243905,0.08487654320987655,0.18951370069256251,0.04824561403508772
FBgn0038498,Beaten path IIa,beat-IIa,6.55,6.3602,6.364,6.2783,6.535,6.5565,6.1592,6.4928,0.1748000000000003,0,1,0.2764227642276423,0.08487654320987655,0.19154622101776575,0.04824561403508772
FBgn0036372,Drebrin-like protein,Abp1,6.4356,6.2516,6.2465,6.3425,6.4263,6.3625,6.354,6.4819,0.17470000000000052,0,0,0.2764227642276423,0.08487654320987655,0.19154622101776575,0.04824561403508772
FBgn0038087,"Beat Va (Fragment);Beaten path Va, isoform A",beat-Va,6.8381,6.9538,6.9543,6.9113,7.1281,7.1438,7.0802,6.9802,0.17429999999999968,0,1,0.2784552845528455,0.08487654320987655,0.19357874134296899,0.04824561403508772
FBgn0041775,"Trailer hitch, isoform G;Trailer hitch, isoform C;Trailer hitch, isoform H;Trailer hitch, isoform E;Trailer hitch, isoform D;Trailer hitch, isoform I;Trailer hitch, isoform F;GH08269p",tral,6.4023,6.0467,6.159,6.2234,6.221,6.1759,5.7976,6.3017,0.17429999999999968,0,0,0.2784552845528455,0.08487654320987655,0.19357874134296899,0.04824561403508772
FBgn0011745,Actin-related protein 1,Arp1,7.0275,6.833,6.9864,6.8496,7.007,7.0526,7.0531,7.0839,0.1739999999999995,0,0,0.2784552845528455,0.08487654320987655,0.19357874134296899,0.04824561403508772
FBgn0035720,RNA helicase,CG10077;DmRH5,6.7852,6.6872,6.7553,6.7367,6.8611,6.8949,6.7979,6.8802,0.1739000000000006,0,0,0.2784552845528455,0.08487654320987655,0.19357874134296899,0.04824561403508772
FBgn0029962,"Carbonic anhydrase-related protein A, isoform B",CARPA,7.0648,6.9002,6.9735,6.9507,7.0736,7.0953,7.0225,7.0525,0.1734,0,1,0.2804878048780488,0.08487654320987655,0.19561126166817228,0.04824561403508772
2026,Opsin Rh6,Rh6,6.0682,6.5294,6.4252,6.6046,6.7028,6.6364,6.4531,6.3505,0.1734,0,0,0.2804878048780488,0.08487654320987655,0.19561126166817228,0.04824561403508772
FBgn0038016,SD10773p;MBD-R2,MBD-R2,6.4168,6.1384,6.2631,6.3075,6.3109,6.3469,6.4169,6.4579,0.17250000000000032,1,0,0.2804878048780488,0.08641975308641975,0.19406805179162906,0.04912280701754386
FBgn0028482,Protein borderless,bdl,8.5087,8.3467,7.8149,7.9771,8.5192,8.7825,8.5533,8.7559,0.17249999999999943,0,1,0.28252032520325204,0.08641975308641975,0.1961005721168323,0.04912280701754386
FBgn0010414,Transporter;Transporter;Sodium-dependent serotonin transporter,SerT,5.8548,6.3443,4.9096,6.3584,6.5166,6.592,6.6519,6.2381,0.17230000000000079,0,1,0.2845528455284553,0.08641975308641975,0.19813309244203553,0.04912280701754386
