Protein,T4_signal,T5_signal
FBgn0015521,1.4013428571428572,0.0
FBgn0259170,1.121975,1.0175500000000004
FBgn0260657,0.9366142857142855,0.45594999999999974
FBgn0043806,0.9122250000000001,0.6727750000000003
FBgn0013342,0.903071428571429,0.9509999999999998
FBgn0266354,0.8463124999999998,0.7968999999999997
FBgn0010415,0.7785428571428571,0.8206999999999998
FBgn0267728,0.7781749999999996,0.5953749999999998
FBgn0033405,0.771425,0.7480249999999999
FBgn0261514,0.7701714285714284,0.6613249999999999
FBgn0037228,0.7037000000000004,0.0
FBgn0052791,0.7036857142857141,0.7789250000000001
FBgn0051676,0.6888999999999998,0.5536000000000003
FBgn0259175,0.6682875,0.7733999999999999
FBgn0046685,0.6455999999999996,0.45562500000000017
FBgn0020908,0.632725,0.0
FBgn0033710,0.6259250000000001,0.5227750000000002
FBgn0040726,0.6243428571428569,0.700175
FBgn0030539,0.602042857142857,0.0
FBgn0261674,0.5848999999999998,0.5346500000000001
FBgn0015519,0.58104,0.5822249999999998
FBgn0083975,0.5775833333333334,0.6772499999999999
FBgn0000037,0.5760749999999999,0.506075
FBgn0040324,0.5740500000000002,0.6547000000000001
FBgn0034725,0.5715000000000001,0.5119749999999998
FBgn0015609,0.5694250000000001,0.5338999999999998
FBgn0264975,0.5630833333333335,0.6205750000000008
FBgn0000636,0.5506749999999998,0.6181249999999998
FBgn0028542,0.5496750000000004,0.0
FBgn0031681,0.5481749999999996,0.0
FBgn0010238,0.5468250000000001,0.7076749999999996
FBgn0039089,0.5426999999999997,0.4315499999999999
FBgn0031725,0.5391999999999999,0.3738499999999998
FBgn0032018,0.5342249999999997,0.0
FBgn0031770,0.533271428571429,0.6650250000000002
FBgn0033483,0.532975,0.5804750000000003
FBgn0262869,0.5240142857142855,0.6410500000000001
FBgn0285925,0.5231428571428569,0.519825
FBgn0003285,0.5206500000000005,0.54085
FBgn0028671,0.5202625,0.9533125
FBgn0039064,0.5160571428571428,0.6042250000000005
FBgn0051195,0.5108499999999998,0.0
FBgn0041180,0.5081200000000002,0.0
FBgn0051221,0.5054999999999996,0.5445000000000002
FBgn0000024,0.50502,0.6077750000000004
FBgn0005775,0.5036714285714282,0.6697499999999994
FBgn0027057,0.502475,0.5379750000000003
FBgn0027843,0.4954750000000001,0.0
FBgn0036299,0.4951500000000002,0.0
FBgn0261804,0.4919285714285722,0.6532249999999995
FBgn0031808,0.49018571428571434,0.4880499999999999
FBgn0051361,0.48752499999999976,0.4087749999999999
FBgn0004108,0.4847857142857145,0.5255000000000003
FBgn0037230,0.481325,0.0
FBgn0039647,0.4811571428571426,0.5633499999999994
FBgn0034438,0.4809249999999998,0.0
FBgn0003391,0.48012500000000014,0.4553250000000002
FBgn0263994,0.47961428571428616,0.5224250000000001
FBgn0261822,0.47940000000000005,0.5321499999999997
FBgn0033268,0.4785250000000001,0.0
FBgn0260995,0.4766250000000001,0.41802499999999987
FBgn0010473,0.47209999999999996,0.6412499999999997
FBgn0037546,0.4717333333333335,0.51465
FBgn0263236,0.4699500000000001,0.0
FBgn0037295,0.46747499999999986,0.33857500000000007
FBgn0029506,0.464375,0.32947499999999996
FBgn0026189,0.46411428571428576,0.5407250000000001
FBgn0051663,0.46258,0.4463999999999997
FBgn0016797,0.4606199999999999,0.59375
FBgn0036316,0.4547200000000002,0.39165000000000016
FBgn0052029,0.45289999999999986,0.0
FBgn0032797,0.4513428571428572,0.5764750000000001
FBgn0086604,0.45116666666666694,0.4675
FBgn0030259,0.448014285714286,0.58165
FBgn0004657,0.44454999999999956,0.472
FBgn0041604,0.44419999999999993,0.5343999999999998
FBgn0083950,0.44127499999999986,0.5169750000000002
FBgn0000635,0.44035,0.0
FBgn0038498,0.43967500000000004,0.45717499999999966
FBgn0024836,0.4359333333333333,0.38262499999999955
FBgn0051646,0.4311200000000003,0.5023750000000002
FBgn0016917,0.43015714285714257,0.35819999999999996
FBgn0039257,0.42947499999999983,0.44932499999999975
FBgn0052432,0.42769999999999975,0.5275250000000002
FBgn0024189,0.4272000000000002,0.46360000000000023
FBgn0034718,0.427125,0.28827499999999984
FBgn0031602,0.4255249999999997,0.18407500000000016
FBgn0035179,0.4254,0.32720000000000016
FBgn0031981,0.4251333333333334,0.4156000000000002
FBgn0085382,0.4248571428571425,0.5537999999999998
FBgn0259242,0.42429999999999995,0.4038499999999996
FBgn0031683,0.42289999999999983,0.0
FBgn0053481,0.4207000000000001,0.4223499999999998
FBgn0051708,0.4206333333333337,0.396825
FBgn0264273,0.4162428571428572,0.4466500000000002
FBgn0040230,0.41477500000000056,0.2535250000000002
FBgn0015399,0.4138999999999998,0.5318249999999998
FBgn0033958,0.41273333333333334,0.40807499999999974
FBgn0266756,0.4092499999999999,0.31496250000000003
FBgn0004839,0.40847999999999995,0.28412499999999996
FBgn0036202,0.40807499999999997,0.41667500000000035
FBgn0053512,0.40344999999999964,0.39474999999999993
FBgn0259984,0.40287499999999987,0.38442500000000024
FBgn0032322,0.40242500000000003,0.2637750000000003
FBgn0085414,0.40138571428571446,0.53075
FBgn0039640,0.39869999999999983,0.26024999999999965
FBgn0261262,0.3976800000000001,0.45750000000000024
FBgn0028482,0.39698333333333363,0.3955500000000003
FBgn0033159,0.39568749999999997,0.4603625
FBgn0028863,0.3939,0.5728749999999998
FBgn0039332,0.39338333333333325,0.4250499999999997
FBgn0028490,0.39180000000000037,0.5848
FBgn0027594,0.39144000000000023,0.35194999999999976
FBgn0260003,0.39002499999999996,0.0
FBgn0010114,0.38759999999999994,0.41769999999999996
FBgn0030706,0.3865166666666666,0.29220000000000024
FBgn0031908,0.38562499999999944,0.0
FBgn0032601,0.38255714285714276,0.352225
FBgn0002565,0.3824799999999996,0.0
FBgn0085399,0.3818999999999999,0.5116499999999997
FBgn0259821,0.3818166666666663,0.44927499999999987
FBgn0004055,0.3777857142857143,0.46187499999999937
FBgn0020391,0.37767142857142827,0.45710000000000006
FBgn0263391,0.3745333333333331,0.4088375000000001
FBgn0263930,0.3742285714285713,0.4508749999999997
FBgn0038975,0.37413999999999936,0.4396875
FBgn0020279,0.37192499999999984,0.0
FBgn0243486,0.37039999999999984,0.21315000000000037
FBgn0259994,0.36991428571428553,0.4194749999999996
FBgn0267428,0.3684249999999998,0.45077500000000015
FBgn0031676,0.3680249999999998,0.0
FBgn0044328,0.3676750000000002,0.0
FBgn0037533,0.3668499999999999,0.3943000000000001
FBgn0037676,0.36472000000000016,0.4589749999999999
FBgn0039584,0.3603428571428572,0.4639
FBgn0039420,0.358525,0.45362499999999994
FBgn0037135,0.35726000000000024,0.2507500000000002
FBgn0034136,0.35709999999999964,0.3056000000000003
FBgn0034583,0.3545499999999988,0.25574999999999987
FBgn0022960,0.35370000000000007,0.0
FBgn0000253,0.3532249999999999,0.07767499999999992
FBgn0033814,0.3526999999999998,0.0
FBgn0053202,0.3507428571428571,0.3754250000000001
FBgn0286785,0.34985,0.34585
FBgn0052600,0.34963999999999995,0.4079999999999997
FBgn0025878,0.34546666666666664,0.4631999999999996
FBgn0033540,0.3446200000000001,0.3342000000000003
FBgn0028704,0.34346000000000065,0.3179749999999997
FBgn0052206,0.34336666666666665,0.4266749999999997
FBgn0261999,0.3431714285714286,0.2526499999999996
FBgn0034588,0.3431285714285716,0.5108499999999994
FBgn0034072,0.3431285714285712,0.40495000000000014
FBgn0025631,0.34248571428571456,0.0
FBgn0038881,0.3420999999999999,0.42662500000000025
FBgn0035710,0.3402399999999998,0.40205
FBgn0010389,0.33976000000000006,0.33672499999999994
FBgn0086359,0.3391250000000001,0.33722499999999966
FBgn0031540,0.3369000000000002,0.3990500000000001
FBgn0037756,0.33315000000000006,0.0
FBgn0083949,0.3328249999999999,0.36817500000000014
FBgn0260793,0.33274999999999966,0.27365000000000017
FBgn0039682,0.3322999999999998,0.0
FBgn0264339,0.33218333333333333,0.2331749999999999
FBgn0040505,0.33171666666666655,0.38202500000000006
FBgn0000633,0.3293571428571428,0.3390249999999999
FBgn0262509,0.327685714285714,0.58575
FBgn0263354,0.32725714285714286,0.0
FBgn0259214,0.3257749999999998,0.2016624999999998
FBgn0015558,0.3253571428571429,0.3232250000000001
FBgn0039528,0.32461999999999946,0.40007499999999974
FBgn0038053,0.3239000000000001,0.32565000000000044
FBgn0001987,0.32311666666666666,0.0
FBgn0085395,0.32309999999999994,0.41989999999999994
FBgn0031515,0.3229249999999997,0.10092499999999965
FBgn0261041,0.32230000000000025,0.3853
FBgn0034476,0.32202857142857144,0.34732500000000033
FBgn0259677,0.3207571428571428,0.32849999999999957
FBgn0011785,0.3207000000000001,0.29410000000000003
FBgn0000039,0.31829999999999997,0.35802500000000004
FBgn0036986,0.31822857142857114,0.36254999999999993
FBgn0037092,0.3181499999999997,0.14604999999999974
FBgn0031285,0.31754000000000016,0.36387499999999995
FBgn0033872,0.31692499999999946,0.3150750000000002
FBgn0037979,0.31690000000000024,0.22160000000000024
FBgn0262737,0.3168999999999995,0.0
FBgn0028984,0.31634285714285715,0.0
FBgn0038879,0.3143499999999999,0.0
FBgn0004370,0.3118199999999998,0.2844000000000002
FBgn0263219,0.3110285714285714,0.42657500000000015
FBgn0030251,0.31094999999999984,0.19665000000000016
FBgn0265296,0.30966249999999995,0.39128750000000034
FBgn0085386,0.30899999999999994,0.0
FBgn0051774,0.3086428571428573,0.423125
FBgn0028686,0.30859999999999993,0.0
FBgn0032800,0.3065999999999999,0.1943250000000003
FBgn0058470,0.3058799999999998,0.172325
FBgn0036915,0.3052999999999999,0.0
FBgn0039113,0.30499999999999994,0.0
FBgn0039927,0.3043800000000001,0.3322999999999998
FBgn0030723,0.3039428571428569,0.401875
FBgn0051760,0.3006199999999998,0.4509000000000001
FBgn0261285,0.2999399999999994,0.31759999999999966
FBgn0038149,0.2998750000000001,0.0
FBgn0000464,0.2987333333333333,0.3627999999999998
FBgn0037736,0.29795714285714264,0.2792750000000004
FBgn0031866,0.29736666666666683,0.2709000000000006
FBgn0259245,0.29676666666666657,0.2961500000000001
FBgn0037958,0.2956000000000001,0.09134999999999957
FBgn0039637,0.29545999999999956,0.34319999999999995
FBgn0085410,0.29521428571428554,0.0
FBgn0004875,0.2950857142857145,0.0
FBgn0039617,0.293925,0.2468250000000005
FBgn0011592,0.293625,0.2519750000000003
FBgn0029840,0.29349999999999987,0.11234999999999969
FBgn0037140,0.2918000000000003,0.33482499999999993
FBgn0020415,0.2915749999999999,0.3897249999999999
FBgn0263220,0.29113999999999984,0.0
FBgn0025741,0.29078,0.3340750000000001
FBgn0039685,0.2898142857142857,0.0
FBgn0016061,0.2881750000000003,0.30472500000000036
FBgn0036141,0.28803333333333336,0.28115
FBgn0034808,0.28802857142857163,0.4904750000000002
FBgn0037182,0.2842400000000005,0.1760499999999998
FBgn0261574,0.2833499999999998,0.3263750000000001
FBgn0003165,0.28305,0.0
FBgn0267435,0.2807249999999999,0.0
FBgn0010909,0.2801000000000002,0.2657750000000003
FBgn0037240,0.2785428571428571,0.0
FBgn0051998,0.2780599999999999,0.3194249999999996
FBgn0029768,0.27758,0.3198000000000003
FBgn0033029,0.2759333333333334,0.0
FBgn0038172,0.2757166666666665,0.3320750000000001
FBgn0259110,0.2749333333333334,0.3266499999999999
FBgn0028523,0.2744000000000002,0.293075
FBgn0017590,0.27414999999999995,0.43862500000000004
FBgn0003366,0.27285714285714285,0.2439499999999999
FBgn0287775,0.2726749999999998,0.2294249999999997
FBgn0025814,0.27127499999999993,0.08590000000000028
FBgn0260660,0.2708599999999999,0.29129999999999967
FBgn0036828,0.27047142857142864,0.0
FBgn0028496,0.26836250000000017,0.20807499999999998
FBgn0264089,0.2679714285714285,0.1770999999999996
FBgn0000228,0.2648999999999999,0.23369999999999977
FBgn0267001,0.2627285714285716,0.3618999999999999
FBgn0024187,0.2617600000000001,0.24367500000000006
FBgn0264959,0.2605749999999998,0.0
FBgn0030796,0.25996666666666685,0.1808499999999999
FBgn0266758,0.25992499999999974,0.0
FBgn0267488,0.2578428571428567,0.16480000000000022
FBgn0039277,0.2550500000000002,0.5319500000000004
FBgn0024944,0.2540999999999995,0.35899999999999976
FBgn0264000,0.2535857142857146,0.3415750000000004
FBgn0261046,0.25356000000000006,0.26839999999999997
FBgn0002930,0.2522749999999996,0.0
FBgn0036290,0.25119999999999965,0.0
FBgn0051660,0.25094285714285747,0.26570000000000005
FBgn0001280,0.25078571428571433,0.0
FBgn0035917,0.2492750000000001,0.0
FBgn0004179,0.24922000000000039,0.0
FBgn0032378,0.2489750000000004,0.0
FBgn0033778,0.24857500000000016,0.0
FBgn0031081,0.24686666666666687,0.26080000000000036
FBgn0024921,0.24549999999999977,0.0
FBgn0014007,0.24330000000000007,0.23772500000000016
FBgn0039589,0.24199999999999952,0.0
FBgn0034723,0.24112857142857128,0.28702499999999986
FBgn0032479,0.24091428571428544,0.300125
FBgn0010356,0.24050000000000016,0.15339999999999973
FBgn0013995,0.23945714285714254,0.1892624999999995
FBgn0039187,0.23891999999999985,0.23462499999999964
FBgn0087013,0.23687499999999972,0.0
FBgn0031824,0.235225,0.0
FBgn0262018,0.23443999999999982,0.30927499999999974
FBgn0038072,0.23409999999999992,0.0
FBgn0032629,0.2339799999999998,0.2536250000000002
FBgn0028879,0.2338142857142856,0.0
FBgn0287183,0.2335,0.21217500000000017
FBgn0027528,0.2328571428571426,0.1374999999999995
FBgn0000108,0.23143999999999992,0.2344499999999996
FBgn0013343,0.2301400000000004,0.4411750000000001
FBgn0031098,0.22804999999999986,0.0
FBgn0010453,0.2274285714285716,0.3663749999999999
FBgn0004369,0.2264666666666667,0.31297500000000045
FBgn0004647,0.22645000000000023,0.22367500000000004
FBgn0266801,0.22632857142857085,0.1778249999999999
FBgn0037743,0.22352857142857116,0.16762499999999986
FBgn0033886,0.22241666666666696,0.16330000000000022
FBgn0011297,0.2222999999999997,0.17364999999999986
FBgn0000535,0.22164999999999968,0.2752000000000001
FBgn0016126,0.2208833333333331,0.0
FBgn0028400,0.2205400000000001,0.20412499999999983
FBgn0034962,0.21982857142857168,0.0
FBgn0039928,0.2186285714285712,0.0
FBgn0039904,0.2184599999999998,0.14465000000000014
FBgn0004118,0.21478333333333335,0.19395
FBgn0266451,0.2142666666666669,0.0
FBgn0037788,0.2125714285714281,0.2283250000000001
FBgn0037167,0.21048333333333305,0.0
FBgn0034172,0.21025714285714295,0.21362499999999968
FBgn0261261,0.2091000000000001,0.0
FBgn0033214,0.209025,0.2170749999999999
FBgn0025836,0.2078833333333335,0.1842749999999999
FBgn0034573,0.20772857142857148,0.0
FBgn0053517,0.2074428571428572,0.25905
FBgn0000084,0.20605999999999985,0.0
FBgn0030109,0.20569999999999994,0.15549999999999972
FBgn0041181,0.20548571428571383,0.17754999999999987
FBgn0087002,0.20484000000000005,0.0
FBgn0051357,0.20481999999999992,0.0
FBgn0035449,0.20347499999999982,0.0
FBgn0040340,0.20312000000000033,0.2693250000000002
FBgn0029962,0.20258571428571387,0.22415000000000004
FBgn0026630,0.20218333333333346,0.0
FBgn0051619,0.20111428571428594,0.32600000000000007
FBgn0263594,0.2004200000000004,0.0
FBgn0003416,0.1989714285714282,0.0
FBgn0085384,0.19887999999999978,0.0
FBgn0260439,0.1984,0.0
FBgn0031374,0.19587999999999997,0.0
FBgn0024293,0.1951666666666667,0.0
FBgn0003301,0.19475714285714288,0.0
FBgn0042630,0.1928750000000001,0.0
FBgn0031627,0.19254285714285677,0.21979999999999972
FBgn0025740,0.19184285714285715,0.2557499999999997
FBgn0259213,0.19164285714285698,0.2887250000000001
FBgn0038087,0.19137500000000005,0.16177500000000017
FBgn0266136,0.19107500000000005,0.0
FBgn0026721,0.1905999999999996,0.0
FBgn0039304,0.19016666666666682,0.1987250000000002
FBgn0033677,0.1898000000000001,0.0
FBgn0031835,0.18913333333333304,0.20234999999999978
FBgn0034707,0.18697500000000009,0.0
FBgn0263231,0.18597999999999998,0.0
FBgn0001224,0.18528571428571408,0.0
FBgn0000083,0.18485999999999989,0.0
FBgn0037249,0.18457142857142855,0.0
FBgn0033313,0.18366666666666653,0.0
FBgn0261444,0.18242000000000042,0.2089749999999999
FBgn0053547,0.18171999999999977,0.20792499999999992
FBgn0033259,0.18146000000000015,0.170725
FBgn0035237,0.18097499999999986,0.0
FBgn0030174,0.18086666666666684,0.24804999999999985
FBgn0028888,0.17951428571428513,0.0
FBgn0264502,0.17881666666666698,0.0
FBgn0004861,0.1784285714285716,0.0
FBgn0027054,0.17839999999999984,0.0
FBgn0032817,0.17787142857142788,0.0
FBgn0010355,0.17721666666666647,0.0
FBgn0038826,0.1761399999999996,0.0
FBgn0037019,0.17603333333333307,0.23699999999999985
FBgn0053143,0.17531666666666632,0.0
FBgn0004619,0.17491428571428594,0.19782500000000008
FBgn0033609,0.17467142857142862,0.0
FBgn0030339,0.1743750000000001,0.0
FBgn0030915,0.1736142857142857,0.0
FBgn0022355,0.17226000000000014,0.0
FBgn0053217,0.1698999999999997,0.0
FBgn0250908,0.169775,0.15037500000000031
FBgn0261244,0.16857499999999964,0.0
FBgn0053543,0.16847142857142852,0.22127500000000008
FBgn0039965,0.16722857142857145,0.0
FBgn0029706,0.16653333333333362,0.0
FBgn0040344,0.1640666666666666,0.0
FBgn0031495,0.1637571428571431,0.17437499999999995
FBgn0003464,0.162325,0.0
FBgn0051108,0.16062500000000002,0.0
FBgn0260012,0.1605833333333331,0.0
FBgn0000017,0.16033999999999965,0.0
FBgn0287585,0.15642857142857144,0.2131750000000001
FBgn0035244,0.15611666666666724,0.18232500000000024
FBgn0031284,0.15576000000000018,0.12932499999999986
FBgn0264386,0.15535999999999955,0.1475999999999997
FBgn0086906,0.15235999999999963,0.1679749999999997
FBgn0086346,0.1523199999999997,0.0
FBgn0033260,0.1521599999999997,0.0
FBgn0035424,0.1516200000000003,0.0
FBgn0015777,0.15141428571428603,0.16906250000000023
FBgn0022987,0.15138333333333368,0.0
FBgn0263131,0.14833999999999953,0.0
FBgn0028331,0.14778571428571421,0.10449999999999979
FBgn0030600,0.1457999999999999,0.0721500000000001
FBgn0031632,0.14387142857142834,0.0
FBgn0034649,0.14198333333333293,0.15984999999999983
FBgn0267002,0.14164000000000027,0.0
FBgn0031239,0.14134285714285696,0.14985000000000023
FBgn0264305,0.14049999999999963,0.0
FBgn0261550,0.13909999999999978,0.0
FBgn0032433,0.13711999999999996,0.20774999999999963
FBgn0261710,0.1350833333333333,0.0
FBgn0083962,0.13501999999999986,0.0
FBgn0083963,0.13490000000000016,0.16242499999999999
FBgn0011327,0.1337599999999998,0.0
FBgn0002431,0.13346666666666673,0.0
FBgn0003353,0.13208,0.14484999999999965
FBgn0039562,0.13179999999999978,0.0
FBgn0004397,0.1315499999999995,0.0
FBgn0036910,0.13062,0.18877499999999986
FBgn0266100,0.12755714285714279,0.0
FBgn0263873,0.12699999999999925,0.0
FBgn0028837,0.12419999999999988,0.0
FBgn0038304,0.12233333333333302,0.0
FBgn0259178,0.1209499999999999,0.0
FBgn0036926,0.11688000000000025,0.12072499999999996
FBgn0042641,0.11645714285714291,0.19937500000000052
FBgn0015776,0.11108571428571457,0.0
FBgn0030552,0.11084000000000009,0.0
FBgn0025697,0.11019999999999998,0.0
FBgn0001986,0.10855714285714282,0.0
FBgn0085400,0.10295714285714266,0.12137499999999997
FBgn0034989,0.10262000000000009,0.0
FBgn0264815,0.10168000000000013,0.0
FBgn0038720,0.10071999999999988,0.15722500000000014
FBgn0260655,0.10068000000000032,0.07799999999999979
FBgn0030556,0.09946000000000034,0.0
FBgn0051729,0.0982399999999998,0.0
FBgn0029950,0.09820000000000007,0.11090000000000019
FBgn0003139,0.09668000000000006,0.0
FBgn0030344,0.09533999999999998,0.0
FBgn0085409,0.0,0.600025
FBgn0011260,0.0,0.5921749999999997
FBgn0260971,0.0,0.5419999999999998
FBgn0086778,0.0,0.46392500000000014
FBgn0013997,0.0,0.45399999999999996
FBgn0019985,0.0,0.4500000000000004
FBgn0284408,0.0,0.4477999999999993
FBgn0025936,0.0,0.4279750000000002
FBgn0287864,0.0,0.4253499999999999
FBgn0038653,0.0,0.4071499999999999
FBgn0034576,0.0,0.39570000000000016
FBgn0037142,0.0,0.3840999999999999
FBgn0038282,0.0,0.37927500000000025
FBgn0028875,0.0,0.37122500000000036
FBgn0003011,0.0,0.37017500000000014
FBgn0028670,0.0,0.36475000000000013
FBgn0004636,0.0,0.3632749999999998
FBgn0029818,0.0,0.3492000000000002
FBgn0004449,0.0,0.34670000000000023
FBgn0011582,0.0,0.32830000000000004
FBgn0259740,0.0,0.3278249999999998
FBgn0011259,0.0,0.3191250000000001
FBgn0033028,0.0,0.31342499999999984
FBgn0250757,0.0,0.303075
FBgn0000036,0.0,0.2957000000000001
FBgn0039741,0.0,0.2942500000000001
FBgn0038739,0.0,0.29337500000000016
FBgn0265767,0.0,0.29237499999999983
FBgn0036893,0.0,0.2896750000000001
FBgn0024804,0.0,0.28923750000000026
FBgn0038542,0.0,0.28737499999999994
FBgn0266347,0.0,0.2851750000000002
FBgn0031260,0.0,0.2836500000000002
FBgn0039357,0.0,0.27870000000000017
FBgn0040805,0.0,0.2775750000000001
FBgn0032394,0.0,0.27705000000000024
FBgn0003308,0.0,0.27652499999999985
FBgn0031245,0.0,0.2750374999999998
FBgn0284421,0.0,0.26907499999999995
FBgn0032200,0.0,0.2677249999999997
FBgn0050106,0.0,0.26197500000000007
FBgn0033631,0.0,0.25985000000000014
FBgn0030512,0.0,0.25377500000000025
FBgn0032704,0.0,0.25197499999999984
FBgn0036116,0.0,0.24829999999999997
FBgn0031294,0.0,0.2481
FBgn0034902,0.0,0.24767500000000006
FBgn0000547,0.0,0.24470000000000033
FBgn0040623,0.0,0.24255000000000027
FBgn0004646,0.0,0.24134999999999995
FBgn0033095,0.0,0.24059999999999945
FBgn0035586,0.0,0.23942499999999997
FBgn0033906,0.0,0.2384999999999999
FBgn0027564,0.0,0.23725000000000013
FBgn0027280,0.0,0.23700000000000007
FBgn0033250,0.0,0.2360500000000001
FBgn0028697,0.0,0.23514999999999953
FBgn0032746,0.0,0.2335250000000002
FBgn0025582,0.0,0.2330000000000001
FBgn0043903,0.0,0.23162499999999908
FBgn0085387,0.0,0.231025
FBgn0259150,0.0,0.23042499999999988
FBgn0261260,0.0,0.23012499999999989
FBgn0262870,0.0,0.22945000000000015
FBgn0031213,0.0,0.22640000000000057
FBgn0031360,0.0,0.22634999999999977
FBgn0039259,0.0,0.2242499999999998
FBgn0031384,0.0,0.22419999999999993
FBgn0037647,0.0,0.22385000000000008
FBgn0002778,0.0,0.22364999999999988
FBgn0034521,0.0,0.22272500000000006
FBgn0263351,0.0,0.21892499999999954
FBgn0038407,0.0,0.21874999999999997
FBgn0033815,0.0,0.21809999999999996
FBgn0029837,0.0,0.21369999999999972
FBgn0259111,0.0,0.21362499999999982
FBgn0261794,0.0,0.21226249999999985
FBgn0283500,0.0,0.2102000000000001
FBgn0000038,0.0,0.2101249999999999
FBgn0034237,0.0,0.20997500000000002
FBgn0053177,0.0,0.20980000000000018
FBgn0039844,0.0,0.20892499999999997
FBgn0288469,0.0,0.2081750000000002
FBgn0032684,0.0,0.20815000000000047
FBgn0035145,0.0,0.2080500000000003
FBgn0030456,0.0,0.20697499999999988
FBgn0039830,0.0,0.2064749999999997
FBgn0037536,0.0,0.2058499999999998
FBgn0053506,0.0,0.20579999999999973
FBgn0037465,0.0,0.20537500000000028
FBgn0285944,0.0,0.20520000000000005
FBgn0039157,0.0,0.20480000000000004
FBgn0042175,0.0,0.20465
FBgn0050423,0.0,0.20449999999999963
FBgn0033635,0.0,0.20417499999999972
FBgn0053087,0.0,0.20382499999999987
FBgn0022359,0.0,0.2024250000000003
FBgn0259824,0.0,0.20132500000000017
FBgn0014011,0.0,0.20112499999999997
FBgn0036579,0.0,0.19690000000000007
FBgn0034909,0.0,0.19659999999999989
FBgn0033911,0.0,0.19570000000000018
FBgn0030499,0.0,0.19432499999999964
FBgn0038358,0.0,0.19302500000000022
FBgn0270928,0.0,0.19277499999999986
FBgn0040918,0.0,0.19102499999999975
FBgn0039915,0.0,0.19097500000000034
FBgn0051344,0.0,0.19097500000000006
FBgn0267431,0.0,0.18939999999999976
FBgn0035010,0.0,0.1887999999999998
FBgn0034013,0.0,0.1884999999999996
FBgn0030670,0.0,0.18734999999999963
FBgn0051814,0.0,0.18707499999999988
FBgn0032880,0.0,0.18497500000000008
FBgn0031590,0.0,0.18489999999999956
FBgn0024150,0.0,0.1846249999999998
FBgn0038063,0.0,0.1845999999999996
FBgn0032225,0.0,0.1844749999999999
FBgn0030576,0.0,0.1843250000000005
FBgn0041150,0.0,0.18377499999999997
FBgn0039681,0.0,0.1835499999999996
FBgn0286852,0.0,0.18264999999999973
FBgn0039925,0.0,0.1821749999999997
FBgn0031064,0.0,0.18062499999999998
FBgn0037609,0.0,0.18034999999999973
FBgn0028699,0.0,0.17887500000000006
FBgn0039083,0.0,0.17842500000000003
FBgn0052017,0.0,0.17712500000000017
FBgn0010399,0.0,0.1767250000000002
FBgn0031636,0.0,0.1764750000000001
FBgn0035523,0.0,0.17599999999999988
FBgn0031662,0.0,0.17587499999999973
FBgn0052698,0.0,0.17584999999999978
FBgn0266438,0.0,0.1749
FBgn0037638,0.0,0.1743500000000002
FBgn0053113,0.0,0.17427499999999974
FBgn0030234,0.0,0.1738999999999999
FBgn0004852,0.0,0.17367500000000022
FBgn0034623,0.0,0.17309999999999978
FBgn0031815,0.0,0.17294999999999988
FBgn0263397,0.0,0.1725124999999998
FBgn0046687,0.0,0.17199999999999968
FBgn0039223,0.0,0.17142499999999988
FBgn0035236,0.0,0.17014999999999975
FBgn0010350,0.0,0.1695250000000001
FBgn0266098,0.0,0.1690749999999998
FBgn0031897,0.0,0.16847500000000012
FBgn0038039,0.0,0.1681749999999999
FBgn0015789,0.0,0.16737500000000022
FBgn0010414,0.0,0.16677499999999962
FBgn0032015,0.0,0.16650000000000026
FBgn0038320,0.0,0.16612500000000024
FBgn0037937,0.0,0.16592500000000027
FBgn0036623,0.0,0.16537499999999955
FBgn0024963,0.0,0.16525000000000076
FBgn0033844,0.0,0.16465000000000013
FBgn0037715,0.0,0.16104999999999964
FBgn0034657,0.0,0.16005000000000044
FBgn0265935,0.0,0.15967499999999996
FBgn0035464,0.0,0.1594000000000002
FBgn0034911,0.0,0.15922500000000037
FBgn0036488,0.0,0.15884999999999966
FBgn0001991,0.0,0.15855000000000016
FBgn0035400,0.0,0.1581249999999998
FBgn0267976,0.0,0.15764999999999962
FBgn0035173,0.0,0.157375
FBgn0000557,0.0,0.15712500000000013
FBgn0040899,0.0,0.1567750000000001
FBgn0020655,0.0,0.15677500000000005
FBgn0031149,0.0,0.1563999999999996
FBgn0264574,0.0,0.15583749999999993
FBgn0264308,0.0,0.15577500000000039
FBgn0030260,0.0,0.15572499999999964
FBgn0033973,0.0,0.15492499999999992
FBgn0030349,0.0,0.15382500000000027
FBgn0029666,0.0,0.15362500000000007
FBgn0020910,0.0,0.15292499999999992
FBgn0038593,0.0,0.15272500000000017
FBgn0051793,0.0,0.1526999999999998
FBgn0035483,0.0,0.15227500000000033
FBgn0260446,0.0,0.152125
FBgn0263852,0.0,0.15197500000000014
FBgn0027793,0.0,0.15125000000000027
FBgn0003943,0.0,0.1502500000000002
FBgn0283682,0.0,0.14985
FBgn0037648,0.0,0.14967499999999997
FBgn0259244,0.0,0.14822500000000002
FBgn0013678,0.0,0.1479749999999997
FBgn0035945,0.0,0.14757499999999996
FBgn0038233,0.0,0.14747499999999997
FBgn0261673,0.0,0.147275
FBgn0038890,0.0,0.14707499999999957
FBgn0035471,0.0,0.14692499999999992
FBgn0029755,0.0,0.14684999999999968
FBgn0064225,0.0,0.14667500000000006
FBgn0038432,0.0,0.14662499999999995
FBgn0030412,0.0,0.14544999999999964
FBgn0037912,0.0,0.14529999999999993
FBgn0260659,0.0,0.14527499999999977
FBgn0013676,0.0,0.14484999999999967
FBgn0027791,0.0,0.14357500000000017
FBgn0035092,0.0,0.14252499999999974
FBgn0035165,0.0,0.14225000000000015
FBgn0034436,0.0,0.14212500000000003
FBgn0015754,0.0,0.1414999999999999
FBgn0039970,0.0,0.14112500000000014
FBgn0033762,0.0,0.1411249999999999
FBgn0034184,0.0,0.14072500000000018
FBgn0032052,0.0,0.13974999999999999
FBgn0040508,0.0,0.1393249999999999
FBgn0031424,0.0,0.13927499999999954
FBgn0262124,0.0,0.13902499999999968
FBgn0031516,0.0,0.13812500000000003
FBgn0023519,0.0,0.13802500000000023
FBgn0250850,0.0,0.13709999999999972
FBgn0085447,0.0,0.13642500000000019
FBgn0034180,0.0,0.13555000000000023
FBgn0010434,0.0,0.13547500000000018
FBgn0039303,0.0,0.1354250000000001
FBgn0016123,0.0,0.13529999999999973
FBgn0038536,0.0,0.1347000000000002
FBgn0036337,0.0,0.1346499999999997
FBgn0263316,0.0,0.13387500000000035
FBgn0261068,0.0,0.1331999999999997
FBgn0028399,0.0,0.13247500000000006
FBgn0025469,0.0,0.1322999999999998
FBgn0036821,0.0,0.1321750000000001
FBgn0035805,0.0,0.13142499999999963
FBgn0025712,0.0,0.13132499999999986
FBgn0011768,0.0,0.12997500000000012
FBgn0024698,0.0,0.12922499999999987
FBgn0031307,0.0,0.12897500000000023
FBgn0264078,0.0,0.12869999999999976
FBgn0015925,0.0,0.12867499999999982
FBgn0033482,0.0,0.12857499999999986
FBgn0037680,0.0,0.12832499999999974
FBgn0028688,0.0,0.1281250000000002
FBgn0030304,0.0,0.12797500000000017
FBgn0035331,0.0,0.12774999999999975
FBgn0031702,0.0,0.12745
FBgn0034455,0.0,0.12547499999999995
FBgn0024320,0.0,0.12534999999999957
FBgn0260964,0.0,0.12532499999999988
FBgn0039207,0.0,0.12517500000000023
FBgn0032798,0.0,0.12465000000000012
FBgn0052350,0.0,0.12449999999999957
FBgn0025700,0.0,0.12379999999999987
FBgn0033547,0.0,0.12357499999999971
FBgn0003392,0.0,0.12297500000000068
FBgn0032938,0.0,0.12265000000000009
FBgn0034885,0.0,0.12252499999999997
FBgn0085434,0.0,0.1210249999999999
FBgn0015576,0.0,0.12094999999999961
FBgn0042712,0.0,0.12067499999999982
FBgn0034087,0.0,0.12047500000000008
FBgn0035753,0.0,0.11957499999999995
FBgn0002917,0.0,0.11952499999999983
FBgn0025725,0.0,0.1175999999999999
FBgn0053653,0.0,0.11750000000000013
FBgn0024188,0.0,0.11724999999999983
FBgn0020762,0.0,0.1168249999999999
FBgn0286506,0.0,0.11670000000000001
FBgn0032614,0.0,0.1166749999999998
FBgn0023081,0.0,0.1163499999999999
FBgn0035771,0.0,0.11627500000000007
FBgn0261458,0.0,0.11617500000000057
FBgn0037873,0.0,0.11597500000000012
FBgn0264953,0.0,0.11402499999999999
FBgn0034381,0.0,0.11249999999999999
FBgn0032204,0.0,0.11149999999999988
FBgn0024945,0.0,0.11112500000000029
FBgn0034176,0.0,0.11099999999999996
FBgn0040091,0.0,0.11040000000000003
FBgn0040383,0.0,0.10952499999999984
FBgn0025724,0.0,0.1092750000000004
FBgn0026314,0.0,0.10837499999999962
FBgn0011227,0.0,0.10822499999999996
FBgn0030089,0.0,0.10767500000000016
FBgn0261564,0.0,0.1074999999999997
FBgn0010409,0.0,0.10709999999999993
FBgn0029067,0.0,0.10670000000000023
FBgn0028692,0.0,0.10645000000000032
FBgn0034277,0.0,0.10614999999999947
FBgn0012058,0.0,0.10607499999999989
FBgn0035704,0.0,0.1060500000000004
FBgn0040260,0.0,0.10567499999999992
FBgn0036663,0.0,0.10552500000000005
FBgn0259937,0.0,0.10549999999999989
FBgn0000319,0.0,0.1050000000000004
FBgn0005586,0.0,0.10397500000000034
FBgn0037754,0.0,0.10379999999999984
FBgn0260049,0.0,0.10339999999999988
FBgn0008635,0.0,0.10325000000000026
FBgn0040297,0.0,0.10290000000000017
FBgn0027785,0.0,0.10272499999999969
FBgn0033688,0.0,0.10237499999999984
FBgn0035526,0.0,0.10225000000000013
FBgn0036816,0.0,0.10167500000000015
FBgn0086706,0.0,0.10154999999999934
FBgn0032901,0.0,0.10132499999999983
FBgn0034067,0.0,0.10132499999999962
FBgn0027575,0.0,0.10130000000000014
FBgn0014189,0.0,0.10119999999999993
FBgn0000482,0.0,0.09935000000000002
FBgn0020372,0.0,0.0991999999999997
FBgn0023416,0.0,0.0991999999999997
FBgn0033918,0.0,0.09812499999999977
FBgn0039301,0.0,0.09737499999999996
FBgn0004244,0.0,0.09677500000000003
FBgn0038938,0.0,0.09665000000000007
FBgn0025381,0.0,0.0960750000000003
FBgn0053096,0.0,0.09545
FBgn0033460,0.0,0.09352500000000025
FBgn0261862,0.0,0.09270000000000019
FBgn0039067,0.0,0.09225000000000036
FBgn0010333,0.0,0.09172500000000022
FBgn0011336,0.0,0.09147499999999971
FBgn0039004,0.0,0.09067499999999981
FBgn0263599,0.0,0.09037500000000005
FBgn0022153,0.0,0.0900999999999996
FBgn0035909,0.0,0.08997499999999987
FBgn0267429,0.0,0.0899499999999995
FBgn0029861,0.0,0.08984999999999972
FBgn0003710,0.0,0.08907499999999954
FBgn0051140,0.0,0.08758749999999998
FBgn0034858,0.0,0.08692500000000011
FBgn0028695,0.0,0.08475000000000003
FBgn0030514,0.0,0.08434999999999966
FBgn0030786,0.0,0.08410000000000002
FBgn0035227,0.0,0.08345
FBgn0284245,0.0,0.07952500000000025
FBgn0032946,0.0,0.0794000000000002
FBgn0036732,0.0,0.07857499999999981
FBgn0086784,0.0,0.07600000000000025
FBgn0023510,0.0,0.07595000000000013
FBgn0085421,0.0,0.07487500000000019
FBgn0000330,0.0,0.07129999999999967
FBgn0028703,0.0,0.07067500000000025
FBgn0000709,0.0,0.06292500000000009
FBgn0011230,0.0,0.06144999999999996
FBgn0031078,0.0,0.05082499999999944
